"","wrf","collection_num","rep_id","target","run_num","copy_num_uL_rxn","copy_num_L","date","influent_flow_mg","influent_tss_mg_l","influent_flow_L","total_copies"
"1","CC","10","A","N1",37,0.132663412333333,2368989.50595238,2020-07-21,1.81,332,6851592.1,16231349783966.2
"2","CC","10","A","N2",37,0.022006719,392977.125,2020-07-21,1.81,332,6851592.1,2692518965130.71
"3","CC","10","B","N1",37,0.087758646,1567118.67857143,2020-07-21,1.81,332,6851592.1,10737257957862.4
"4","CC","10","B","N2",37,2e-04,3571.42857142857,2020-07-21,1.81,332,6851592.1,24469971785.7143
"5","CC","11","A","N1",37,2e-04,3571.42857142857,2020-07-28,1.31,196,4958887.1,17710311071.4286
"6","CC","11","A","N2",37,2e-04,3571.42857142857,2020-07-28,1.31,196,4958887.1,17710311071.4286
"7","CC","11","B","N1",37,0.047391314,846273.464285714,2020-07-28,1.31,196,4958887.1,4196574565118.74
"8","CC","11","B","N2",37,0.03121584,557425.714285714,2020-07-28,1.31,196,4958887.1,2764211183779.71
"9","CC","12","A","N1",37,2e-04,3571.42857142857,2020-08-04,1.54,260,5829531.4,20819755000
"10","CC","12","A","N2",37,2e-04,3571.42857142857,2020-08-04,1.54,260,5829531.4,20819755000
"11","CC","12","B","N1",37,2e-04,3571.42857142857,2020-08-04,1.54,260,5829531.4,20819755000
"12","CC","12","B","N2",37,2e-04,3571.42857142857,2020-08-04,1.54,260,5829531.4,20819755000
"13","CC","13","A","N1",37,0.157001688666667,2803601.58333333,2020-08-11,1.42,430,5375282.2,15070149686783.5
"14","CC","13","A","N2",37,2e-04,3571.42857142857,2020-08-11,1.42,430,5375282.2,19197436428.5714
"15","CC","13","B","N1",37,2e-04,3571.42857142857,2020-08-11,1.42,430,5375282.2,19197436428.5714
"16","CC","13","B","N2",37,2e-04,3571.42857142857,2020-08-11,1.42,430,5375282.2,19197436428.5714
"17","CC","14","A","N1",37,2e-04,3571.42857142857,2020-08-18,1.67,628,6321634.7,22577266785.7143
"18","CC","14","A","N2",37,0.0305741743333333,545967.398809524,2020-08-18,1.67,628,6321634.7,3451406453383.02
"19","CC","14","B","N1",37,0.266464266333333,4758290.4702381,2020-08-18,1.67,628,6321634.7,30080174149336.5
"20","CC","14","B","N2",37,0.094319757,1684281.375,2020-08-18,1.67,628,6321634.7,10647411584763.7
"21","CC","15","A","N1",37,2e-04,3571.42857142857,2020-08-25,1.75,256,6624467.5,23658812500
"22","CC","15","A","N2",37,2e-04,3571.42857142857,2020-08-25,1.75,256,6624467.5,23658812500
"23","CC","15","B","N1",37,0.074221055,1325375.98214286,2020-08-25,1.75,256,6624467.5,8779910118985.94
"24","CC","15","B","N2",37,0.0133547253333333,238477.238095238,2020-08-25,1.75,256,6624467.5,1579784713251.67
"25","CC","16","A","N1",37,2e-04,3571.42857142857,2020-09-01,1.71,444,6473051.1,23118039642.8571
"26","CC","16","A","N2",37,0.0303196136666667,541421.672619048,2020-09-01,1.71,444,6473051.1,3504650153510.57
"27","CC","16","B","N1",37,2e-04,3571.42857142857,2020-09-01,1.71,444,6473051.1,23118039642.8571
"28","CC","16","B","N2",37,0.0347714326666667,620918.44047619,2020-09-01,1.71,444,6473051.1,4019236794134.69
"29","CC","17","A","N1",37,0.0880249943333333,1571874.89880952,2020-09-08,1.37,184,5186011.7,8151761616162.51
"30","CC","17","A","N2",37,0.0343282726666667,613004.869047619,2020-09-08,1.37,184,5186011.7,3179050423037.92
"31","CC","17","B","N1",37,2e-04,3571.42857142857,2020-09-08,1.37,184,5186011.7,18521470357.1429
"32","CC","17","B","N2",37,2e-04,3571.42857142857,2020-09-08,1.37,184,5186011.7,18521470357.1429
"33","CC","18","A","N1",37,2e-04,3571.42857142857,2020-09-15,1.51,492,5715969.1,20414175357.1429
"34","CC","18","A","N2",37,2e-04,3571.42857142857,2020-09-15,1.51,492,5715969.1,20414175357.1429
"35","CC","18","B","N1",37,0.185363686,3310065.82142857,2020-09-15,1.51,492,5715969.1,18920233954251.8
"36","CC","18","B","N2",37,0.0634650636666667,1133304.70833333,2020-09-15,1.51,492,5715969.1,6477934693717.84
"37","CC","19","A","N1",30,2e-04,3571.42857142857,2020-09-22,1.95,1080,7381549.5,26362676785.7143
"38","CC","19","A","N2",30,2e-04,3571.42857142857,2020-09-22,1.95,1080,7381549.5,26362676785.7143
"39","CC","19","B","N1",30,0.0493289763333333,880874.577380952,2020-09-22,1.95,1080,7381549.5,6502219296229.08
"40","CC","19","B","N2",30,2e-04,3571.42857142857,2020-09-22,1.95,1080,7381549.5,26362676785.7143
"41","CC","20","A","N1",31,2e-04,3571.42857142857,2020-09-29,1.69,228,6397342.9,22847653214.2857
"42","CC","20","A","N2",31,2e-04,3571.42857142857,2020-09-29,1.69,228,6397342.9,22847653214.2857
"43","CC","20","B","N1",31,2e-04,3571.42857142857,2020-09-29,1.69,228,6397342.9,22847653214.2857
"44","CC","20","B","N2",31,2e-04,3571.42857142857,2020-09-29,1.69,228,6397342.9,22847653214.2857
"45","CC","21","A","N1",32,2e-04,3571.42857142857,2020-10-06,1.52,420,5753823.2,20549368571.4286
"46","CC","21","A","N2",32,0.0456550206666667,815268.226190476,2020-10-06,1.52,420,5753823.2,4690909234077.61
"47","CC","21","B","N1",32,2e-04,3571.42857142857,2020-10-06,1.52,420,5753823.2,20549368571.4286
"48","CC","21","B","N2",32,2e-04,3571.42857142857,2020-10-06,1.52,420,5753823.2,20549368571.4286
"49","CC","22","A","N1",34,2e-04,3571.42857142857,2020-10-13,1.95,384,7381549.5,26362676785.7143
"50","CC","22","A","N2",34,2e-04,3571.42857142857,2020-10-13,1.95,384,7381549.5,26362676785.7143
"51","CC","22","B","N1",34,2e-04,3571.42857142857,2020-10-13,1.95,384,7381549.5,26362676785.7143
"52","CC","22","B","N2",34,2e-04,3571.42857142857,2020-10-13,1.95,384,7381549.5,26362676785.7143
"53","CC","22","C","N1",34,2e-04,3571.42857142857,2020-10-13,1.95,384,7381549.5,26362676785.7143
"54","CC","22","C","N2",34,2e-04,3571.42857142857,2020-10-13,1.95,384,7381549.5,26362676785.7143
"55","CC","23","A","N1",36,2e-04,3571.42857142857,2020-10-20,1.55,104,5867385.5,20954948214.2857
"56","CC","23","A","N2",36,2e-04,3571.42857142857,2020-10-20,1.55,104,5867385.5,20954948214.2857
"57","CC","23","B","N1",36,2e-04,3571.42857142857,2020-10-20,1.55,104,5867385.5,20954948214.2857
"58","CC","23","B","N2",36,2e-04,3571.42857142857,2020-10-20,1.55,104,5867385.5,20954948214.2857
"59","CC","23","C","N1",36,2e-04,3571.42857142857,2020-10-20,1.55,104,5867385.5,20954948214.2857
"60","CC","23","C","N2",36,2e-04,3571.42857142857,2020-10-20,1.55,104,5867385.5,20954948214.2857
"61","CC","24","A","N1",39,2e-04,3571.42857142857,2020-10-27,1.63,210,6170218.3,22036493928.5714
"62","CC","24","A","N2",39,2e-04,3571.42857142857,2020-10-27,1.63,210,6170218.3,22036493928.5714
"63","CC","24","B","N1",39,2e-04,3571.42857142857,2020-10-27,1.63,210,6170218.3,22036493928.5714
"64","CC","24","B","N2",39,0.0682272643333333,1218344.00595238,2020-10-27,1.63,210,6170218.3,7517448481222.69
"65","CC","24","C","N1",39,0.116711994,2084142.75,2020-10-27,1.63,210,6170218.3,12859615735862.3
"66","CC","24","C","N2",39,0.0184139133333333,328819.880952381,2020-10-27,1.63,210,6170218.3,2028890446856.2
"67","CC","25","A","N1",40,0.047490385,848042.589285714,2020-11-02,1.55,208,5867385.5,4975792791757.46
"68","CC","25","A","N2",40,2e-04,3571.42857142857,2020-11-02,1.55,208,5867385.5,20954948214.2857
"69","CC","25","B","N1",40,2e-04,3571.42857142857,2020-11-02,1.55,208,5867385.5,20954948214.2857
"70","CC","25","B","N2",40,2e-04,3571.42857142857,2020-11-02,1.55,208,5867385.5,20954948214.2857
"71","CC","25","C","N1",40,0.0682169003333333,1218158.93452381,2020-11-02,1.55,208,5867385.5,7147408069120.45
"72","CC","25","C","N2",40,2e-04,3571.42857142857,2020-11-02,1.55,208,5867385.5,20954948214.2857
"73","CC","26","A","N1",40,2e-04,3571.42857142857,2020-11-04,1.57,152,5943093.7,21225334642.8571
"74","CC","26","A","N2",40,2e-04,3571.42857142857,2020-11-04,1.57,152,5943093.7,21225334642.8571
"75","CC","26","B","N1",40,2e-04,3571.42857142857,2020-11-04,1.57,152,5943093.7,21225334642.8571
"76","CC","26","B","N2",40,2e-04,3571.42857142857,2020-11-04,1.57,152,5943093.7,21225334642.8571
"77","CC","26","C","N1",40,2e-04,3571.42857142857,2020-11-04,1.57,152,5943093.7,21225334642.8571
"78","CC","26","C","N2",40,2e-04,3571.42857142857,2020-11-04,1.57,152,5943093.7,21225334642.8571
"79","CC","27","A","N1",42,2e-04,3571.42857142857,2020-11-09,1.6,244,6056656,21630914285.7143
"80","CC","27","A","N2",42,2e-04,3571.42857142857,2020-11-09,1.6,244,6056656,21630914285.7143
"81","CC","27","B","N1",42,0.0502886466666667,898011.547619048,2020-11-09,1.6,244,6056656,5438947027956.19
"82","CC","27","B","N2",42,2e-04,3571.42857142857,2020-11-09,1.6,244,6056656,21630914285.7143
"83","CC","27","C","N1",42,2e-04,3571.42857142857,2020-11-09,1.6,244,6056656,21630914285.7143
"84","CC","27","C","N2",42,2e-04,3571.42857142857,2020-11-09,1.6,244,6056656,21630914285.7143
"85","CC","28","A","N1",42,2e-04,3571.42857142857,2020-11-11,1.58,308,5980947.8,21360527857.1429
"86","CC","28","A","N2",42,2e-04,3571.42857142857,2020-11-11,1.58,308,5980947.8,21360527857.1429
"87","CC","28","B","N1",42,2e-04,3571.42857142857,2020-11-11,1.58,308,5980947.8,21360527857.1429
"88","CC","28","B","N2",42,0.027302974,487553.107142857,2020-11-11,1.58,308,5980947.8,2916029683549.24
"89","CC","28","C","N1",42,0.0435319923333333,777357.005952381,2020-11-11,1.58,308,5980947.8,4649331674565.48
"90","CC","28","C","N2",42,2e-04,3571.42857142857,2020-11-11,1.58,308,5980947.8,21360527857.1429
"91","CC","29","A","N1",43,2e-04,3571.42857142857,2020-11-16,1.62,164,6132364.2,21901300714.2857
"92","CC","29","A","N2",43,2e-04,3571.42857142857,2020-11-16,1.62,164,6132364.2,21901300714.2857
"93","CC","29","B","N1",43,0.0416790873333333,744269.416666667,2020-11-16,1.62,164,6132364.2,4564131125921.55
"94","CC","29","B","N2",43,2e-04,3571.42857142857,2020-11-16,1.62,164,6132364.2,21901300714.2857
"95","CC","29","C","N1",43,2e-04,3571.42857142857,2020-11-16,1.62,164,6132364.2,21901300714.2857
"96","CC","29","C","N2",43,2e-04,3571.42857142857,2020-11-16,1.62,164,6132364.2,21901300714.2857
"97","CC","30","A","N1",44,2e-04,3571.42857142857,2020-11-18,1.62,500,6132364.2,21901300714.2857
"98","CC","30","A","N2",44,0.01339438,239185.357142857,2020-11-18,1.62,500,6132364.2,1466771721307.07
"99","CC","30","B","N1",44,2e-04,3571.42857142857,2020-11-18,1.62,500,6132364.2,21901300714.2857
"100","CC","30","B","N2",44,2e-04,3571.42857142857,2020-11-18,1.62,500,6132364.2,21901300714.2857
"101","CC","30","C","N1",44,2e-04,3571.42857142857,2020-11-18,1.62,500,6132364.2,21901300714.2857
"102","CC","30","C","N2",44,0.0221938433333333,396318.630952381,2020-11-18,1.62,500,6132364.2,2430370184245.39
"103","CC","31","A","N1",45,2e-04,3571.42857142857,2020-11-23,1.67,392,6321634.7,22577266785.7143
"104","CC","31","A","N2",45,2e-04,3571.42857142857,2020-11-23,1.67,392,6321634.7,22577266785.7143
"105","CC","31","B","N1",45,2e-04,3571.42857142857,2020-11-23,1.67,392,6321634.7,22577266785.7143
"106","CC","31","B","N2",45,0.0231512703333333,413415.541666667,2020-11-23,1.67,392,6321634.7,2613462033719.3
"107","CC","31","C","N1",45,0.0421018173333333,751818.166666667,2020-11-23,1.67,392,6321634.7,4752719810490.38
"108","CC","31","C","N2",45,2e-04,3571.42857142857,2020-11-23,1.67,392,6321634.7,22577266785.7143
"109","CC","32","A","N1",46,2e-04,3571.42857142857,2020-11-25,1.54,1120,5829531.4,20819755000
"110","CC","32","A","N2",46,0.0405131943333333,723449.898809524,2020-11-25,1.54,1120,5829531.4,4217373901436.94
"111","CC","32","B","N1",46,2e-04,3571.42857142857,2020-11-25,1.54,1120,5829531.4,20819755000
"112","CC","32","B","N2",46,2e-04,3571.42857142857,2020-11-25,1.54,1120,5829531.4,20819755000
"113","CC","33","A","N1",47,2e-04,3571.42857142857,2020-11-30,3.13,231,11848333.3,42315476071.4286
"114","CC","33","A","N2",47,2e-04,3571.42857142857,2020-11-30,3.13,231,11848333.3,42315476071.4286
"115","CC","33","B","N1",47,0.09495579,1695639.10714286,2020-11-30,3.13,231,11848333.3,20090497297943
"116","CC","33","B","N2",47,2e-04,3571.42857142857,2020-11-30,3.13,231,11848333.3,42315476071.4286
"117","CC","33","C","N1",47,2e-04,3571.42857142857,2020-11-30,3.13,231,11848333.3,42315476071.4286
"118","CC","33","C","N2",47,2e-04,3571.42857142857,2020-11-30,3.13,231,11848333.3,42315476071.4286
"119","CC","34","A","N1",48,0.061470231,1097682.69642857,2020-12-02,2.06,188,7797944.6,8559668855128.62
"120","CC","34","A","N2",48,2e-04,3571.42857142857,2020-12-02,2.06,188,7797944.6,27849802142.8571
"121","CC","34","B","N1",48,2e-04,3571.42857142857,2020-12-02,2.06,188,7797944.6,27849802142.8571
"122","CC","34","B","N2",48,2e-04,3571.42857142857,2020-12-02,2.06,188,7797944.6,27849802142.8571
"123","CC","34","C","N1",48,0.0681407123333333,1216798.43452381,2020-12-02,2.06,188,7797944.6,9488526781783.39
"124","CC","34","C","N2",48,2e-04,3571.42857142857,2020-12-02,2.06,188,7797944.6,27849802142.8571
"125","CC","35","A","N1",49,2e-04,3571.42857142857,2020-12-07,1.75,224,6624467.5,23658812500
"126","CC","35","A","N2",49,2e-04,3571.42857142857,2020-12-07,1.75,224,6624467.5,23658812500
"127","CC","35","B","N1",49,2e-04,3571.42857142857,2020-12-07,1.75,224,6624467.5,23658812500
"128","CC","35","B","N2",49,2e-04,3571.42857142857,2020-12-07,1.75,224,6624467.5,23658812500
"129","CC","35","C","N1",49,0.102014261666667,1821683.24404762,2020-12-07,1.75,224,6624467.5,12067681445488
"130","CC","35","C","N2",49,0.0260695603333333,465527.863095238,2020-12-07,1.75,224,6624467.5,3083874199418.85
"131","CC","36","A","N1",50,2e-04,3571.42857142857,2020-12-09,1.71,312,6473051.1,23118039642.8571
"132","CC","36","A","N2",50,0.0322964323333333,576722.005952381,2020-12-09,1.71,312,6473051.1,3733151015024.27
"133","CC","36","B","N1",50,2e-04,3571.42857142857,2020-12-09,1.71,312,6473051.1,23118039642.8571
"134","CC","36","B","N2",50,2e-04,3571.42857142857,2020-12-09,1.71,312,6473051.1,23118039642.8571
"135","CC","36","C","N1",50,0.0865587193333333,1545691.41666667,2020-12-09,1.71,312,6473051.1,10005339524914.7
"136","CC","36","C","N2",50,2e-04,3571.42857142857,2020-12-09,1.71,312,6473051.1,23118039642.8571
"137","CC","37","A","N1",51,0.170185582666667,3039028.26190476,2020-12-14,1.7,132,6435197,19556745553924.7
"138","CC","37","A","N2",51,0.0244977016666667,437458.958333333,2020-12-14,1.7,132,6435197,2815134576289.79
"139","CC","37","B","N1",51,2e-04,3571.42857142857,2020-12-14,1.7,132,6435197,22982846428.5714
"140","CC","37","B","N2",51,0.0336344486666667,600615.154761905,2020-12-14,1.7,132,6435197,3865076842078.34
"141","CC","37","C","N1",51,2e-04,3571.42857142857,2020-12-14,1.7,132,6435197,22982846428.5714
"142","CC","37","C","N2",51,2e-04,3571.42857142857,2020-12-14,1.7,132,6435197,22982846428.5714
"143","CC","38","A","N1",52,0.402041589,7179314.08928571,2020-12-16,1.71,1220,6473051.1,46472066962896.4
"144","CC","38","A","N2",52,0.200024312333333,3571862.7202381,2020-12-16,1.71,1220,6473051.1,23120849910286.2
"145","CC","38","B","N1",52,2e-04,3571.42857142857,2020-12-16,1.71,1220,6473051.1,23118039642.8571
"146","CC","38","B","N2",52,0.110477409666667,1972810.88690476,2020-12-16,1.71,1220,6473051.1,12770105681570.8
"147","CC","38","C","N1",52,2e-04,3571.42857142857,2020-12-16,1.71,1220,6473051.1,23118039642.8571
"148","CC","38","C","N2",52,0.0993773666666667,1774595.83333333,2020-12-16,1.71,1220,6473051.1,11487049511013.8
"149","CC","39","A","N1",53,0.649987413333333,11606918.0952381,2020-12-21,1.66,112,6283780.6,72935326752646.1
"150","CC","39","A","N2",53,0.0604893216666667,1080166.45833333,2020-12-21,1.66,112,6283780.6,6787529035645.71
"151","CC","39","B","N1",53,0.958312911333333,17112730.5595238,2020-12-21,1.66,112,6283780.6,107532644302963
"152","CC","39","B","N2",53,0.0560512876666667,1000915.85119048,2020-12-21,1.66,112,6283780.6,6289535607943.2
"153","CC","39","C","N1",53,0.801347896666667,14309783.8690476,2020-12-21,1.66,112,6283780.6,89919542266514.4
"154","CC","39","C","N2",53,0.112403898333333,2007212.4702381,2020-12-21,1.66,112,6283780.6,12612882780560.2
"155","CC","41","A","N1",54,0.240334222666667,4291682.54761905,2020-12-28,1.82,328,6889446.2,29567316019300.4
"156","CC","41","A","N2",54,0.055712366,994863.678571429,2020-12-28,1.82,328,6889446.2,6854059789851.95
"157","CC","41","B","N1",54,0.239279702,4272851.82142857,2020-12-28,1.82,328,6889446.2,29437582744304.2
"158","CC","41","B","N2",54,2e-04,3571.42857142857,2020-12-28,1.82,328,6889446.2,24605165000
"159","CC","41","C","N1",54,0.379173747,6770959.76785714,2020-12-28,1.82,328,6889446.2,46648163043016.3
"160","CC","41","C","N2",54,0.063892914,1140944.89285714,2020-12-28,1.82,328,6889446.2,7860478456504.05
"161","CC","42","A","N1",55,0.0868072666666667,1550129.76190476,2021-01-04,2.12,148,8025069.2,12439898608265.2
"162","CC","42","A","N2",55,2e-04,3571.42857142857,2021-01-04,2.12,148,8025069.2,28660961428.5714
"163","CC","42","B","N1",55,2e-04,3571.42857142857,2021-01-04,2.12,148,8025069.2,28660961428.5714
"164","CC","42","B","N2",55,0.031761679,567172.839285714,2021-01-04,2.12,148,8025069.2,4551601283628.34
"165","CC","42","C","N1",55,0.0435047806666667,776871.083333333,2021-01-04,2.12,148,8025069.2,6234444203228.97
"166","CC","42","C","N2",55,0.0290832296666667,519343.386904762,2021-01-04,2.12,148,8025069.2,4167766618473.09
"167","CC","43","A","N1",56,0.478274762666667,8540620.76190476,2021-01-11,1.9,204,7192279,61426527352811.6
"168","CC","43","A","N2",56,0.033372294,595933.821428571,2021-01-11,1.9,204,7192279,4286122309250.46
"169","CC","43","B","N1",56,0.295648401666667,5279435.74404762,2021-01-11,1.9,204,7192279,37971174833763.1
"170","CC","43","B","N2",56,0.032674186,583467.607142857,2021-01-11,1.9,204,7192279,4196461818033.82
"171","CC","43","C","N1",56,0.601699531333333,10744634.4880952,2021-01-11,1.9,204,7192279,77278408991403.1
"172","CC","43","C","N2",56,0.0131179993333333,234249.988095238,2021-01-11,1.9,204,7192279,1684791270127.63
"173","CC","44","A","N1",57,0.066706123,1191180.76785714,2021-01-13,1.85,452,7003008.5,8341849042340.1
"174","CC","44","A","N2",57,2e-04,3571.42857142857,2021-01-13,1.85,452,7003008.5,25010744642.8571
"175","CC","44","B","N1",57,2e-04,3571.42857142857,2021-01-13,1.85,452,7003008.5,25010744642.8571
"176","CC","44","B","N2",57,0.019587648,349779.428571429,2021-01-13,1.85,452,7003008.5,2449508311410.86
"177","CC","44","C","N1",57,2e-04,3571.42857142857,2021-01-13,1.85,452,7003008.5,25010744642.8571
"178","CC","44","C","N2",57,0.017964758,320799.25,2021-01-13,1.85,452,7003008.5,2246559874543.62
"179","CC","45","A","N1",60,0.122893367333333,2194524.41666667,2021-01-19,1.72,408,6510905.2,14288340436002
"180","CC","45","A","N2",58,0.0514879926666667,919428.44047619,2021-01-19,1.72,408,6510905.2,5986311414124.32
"181","CC","45","B","N1",60,2e-04,3571.42857142857,2021-01-19,1.72,408,6510905.2,23253232857.1429
"182","CC","45","B","N2",58,0.00511740766666667,91382.2797619047,2021-01-19,1.72,408,6510905.2,594981360489.64
"183","CC","45","C","N1",60,0.126504855333333,2259015.27380952,2021-01-19,1.72,408,6510905.2,14708234293125.9
"184","CC","45","C","N2",58,2e-04,3571.42857142857,2021-01-19,1.72,408,6510905.2,23253232857.1429
"185","CC","46","A","N1",60,0.547093987333333,9769535.48809524,2021-01-20,1.79,280,6775883.9,66197238224263.2
"186","CC","46","A","N2",58,0.205535612,3670278.78571429,2021-01-20,1.79,280,6775883.9,24869382932633
"187","CC","46","B","N1",60,0.142813432,2550239.85714286,2021-01-20,1.79,280,6775883.9,17280129189152.6
"188","CC","46","B","N2",58,0.045806264,817969,2021-01-20,1.79,280,6775883.9,5542462977799.1
"189","CC","46","C","N1",60,0.488539759333333,8723924.27380952,2021-01-20,1.79,280,6775883.9,59112298031725.1
"190","CC","46","C","N2",58,0.141660459666667,2529651.06547619,2021-01-20,1.79,280,6775883.9,17140621927178
"191","CC","47","A","N1",61,2e-04,3571.42857142857,2021-01-25,1.72,156,6510905.2,23253232857.1429
"192","CC","47","A","N2",59,2e-04,3571.42857142857,2021-01-25,1.72,156,6510905.2,23253232857.1429
"193","CC","47","B","N1",61,0.109055064,1947411.85714286,2021-01-25,1.72,156,6510905.2,12679413987213.1
"194","CC","47","B","N2",59,0.0360844736666667,644365.601190476,2021-01-25,1.72,156,6510905.2,4195403343492.2
"195","CC","47","C","N1",61,0.0465266243333333,830832.577380952,2021-01-25,1.72,156,6510905.2,5409472148399.04
"196","CC","47","C","N2",59,0.012951261,231272.517857143,2021-01-25,1.72,156,6510905.2,1505793439133.16
"197","CC","48","A","N1",62,0.087257719,1558173.55357143,2021-01-27,2.31,400,8744297.1,13625132485791.3
"198","CC","48","A","N2",60,0.037704457,673293.875,2021-01-27,2.31,400,8744297.1,5887481678610.26
"199","CC","48","B","N1",62,0.157063686,2804708.67857143,2021-01-27,2.31,400,8744297.1,24525205964377
"200","CC","48","B","N2",60,2e-04,3571.42857142857,2021-01-27,2.31,400,8744297.1,31229632500
"201","CC","48","C","N1",62,0.10536111,1881448.39285714,2021-01-27,2.31,400,8744297.1,16451943725460.4
"202","CC","48","C","N2",60,2e-04,3571.42857142857,2021-01-27,2.31,400,8744297.1,31229632500
"203","CC","49","A","N1",63,0.078566669,1402976.23214286,2021-02-01,2.1,216,7949361,11152764543723.4
"204","CC","49","A","N2",61,0.041230162,736252.892857143,2021-02-01,2.1,216,7949361,5852740032615.75
"205","CC","49","B","N1",63,2e-04,3571.42857142857,2021-02-01,2.1,216,7949361,28390575000
"206","CC","49","B","N2",61,0.025596253,457075.946428571,2021-02-01,2.1,216,7949361,3633461702577.38
"207","CC","49","C","N1",63,0.0867430353333333,1548982.77380952,2021-02-01,2.1,216,7949361,12313423251793.3
"208","CC","49","C","N2",61,2e-04,3571.42857142857,2021-02-01,2.1,216,7949361,28390575000
"209","CC","50","A","N1",64,0.095419198,1703914.25,2021-02-03,2.54,460,9614941.4,16383035664375
"210","CC","50","A","N2",62,0.071856741,1283156.08928571,2021-02-03,2.54,460,9614941.4,12337470605535.3
"211","CC","50","B","N1",64,0.0501708813333333,895908.595238095,2021-02-03,2.54,460,9614941.4,8614108642970.6
"212","CC","50","B","N2",62,0.0890769973333333,1590660.66666667,2021-02-03,2.54,460,9614941.4,15294109097284.9
"213","CC","50","C","N1",64,0.152232828333333,2718443.36309524,2021-02-03,2.54,460,9614941.4,26137673635379.6
"214","CC","50","C","N2",62,0.0133069323333333,237623.791666667,2021-02-03,2.54,460,9614941.4,2284738832120.81
"215","CC","7","C","N1",39,2e-04,3571.42857142857,2020-06-30,1.63,384,6170218.3,22036493928.5714
"216","CC","7","C","N2",39,2e-04,3571.42857142857,2020-06-30,1.63,384,6170218.3,22036493928.5714
"217","CC","8","A","N1",37,2e-04,3571.42857142857,2020-07-07,1.83,269,6927300.3,24740358214.2857
"218","CC","8","A","N2",37,0.0168192846666667,300344.369047619,2020-07-07,1.83,269,6927300.3,2080575637806.88
"219","CC","8","B","N1",37,0.041985915,749748.482142857,2020-07-07,1.83,269,6927300.3,5193732885272.76
"220","CC","8","B","N2",37,0.024523331,437916.625,2020-07-07,1.83,269,6927300.3,3033579967737.49
"221","MI","10","A","N1",18,0.263356709333333,4702798.38095238,2020-07-21,3.22,168,12189020.2,57322504461955.9
"222","MI","10","A","N2",18,0.112602145333333,2010752.5952381,2020-07-21,3.22,168,12189020.2,24509104000559.6
"223","MI","10","B","N1",18,0.324863634333333,5801136.32738095,2020-07-21,3.22,168,12189020.2,70710167877400.3
"224","MI","10","B","N2",18,0.188826769,3371906.58928571,2020-07-21,3.22,168,12189020.2,41100237529316.7
"225","MI","11","A","N1",20,2e-04,3571.42857142857,2020-07-28,2.97,258,11242667.7,40152384642.8571
"226","MI","11","A","N2",19,2e-04,3571.42857142857,2020-07-28,2.97,258,11242667.7,40152384642.8571
"227","MI","11","B","N1",20,0.0410013453333333,732166.880952381,2020-07-28,2.97,258,11242667.7,8231508943493.08
"228","MI","11","B","N2",19,0.089918145,1605681.16071429,2020-07-28,2.97,258,11242667.7,18052139722061
"229","MI","12","A","N1",20,2e-04,3571.42857142857,2020-08-04,3.54,176,13400351.4,47858397857.1429
"230","MI","12","A","N2",20,2e-04,3571.42857142857,2020-08-04,3.54,176,13400351.4,47858397857.1429
"231","MI","12","B","N1",20,2e-04,3571.42857142857,2020-08-04,3.54,176,13400351.4,47858397857.1429
"232","MI","12","B","N2",20,2e-04,3571.42857142857,2020-08-04,3.54,176,13400351.4,47858397857.1429
"233","MI","13","A","N1",21,2e-04,3571.42857142857,2020-08-11,3.2,104,12113312,43261828571.4286
"234","MI","13","A","N2",21,2e-04,3571.42857142857,2020-08-11,3.2,104,12113312,43261828571.4286
"235","MI","13","B","N1",21,2e-04,3571.42857142857,2020-08-11,3.2,104,12113312,43261828571.4286
"236","MI","13","B","N2",21,2e-04,3571.42857142857,2020-08-11,3.2,104,12113312,43261828571.4286
"237","MI","14","A","N1",22,0.0399359183333333,713141.398809524,2020-08-18,3.34,292,12643269.4,9016438825441.65
"238","MI","14","A","N2",22,0.0261810073333333,467517.988095238,2020-08-18,3.34,292,12643269.4,5910955872834.09
"239","MI","14","B","N1",22,0.107456362,1918863.60714286,2020-08-18,3.34,292,12643269.4,24260709526962.9
"240","MI","14","B","N2",22,0.027607542,492991.821428571,2020-08-18,3.34,292,12643269.4,6233028410318.12
"241","MI","15","A","N1",23,0.0618267286666667,1104048.72619048,2020-08-25,4.05,196,15330910.5,16926072208865.2
"242","MI","15","A","N2",23,2e-04,3571.42857142857,2020-08-25,4.05,196,15330910.5,54753251785.7143
"243","MI","15","B","N1",23,2e-04,3571.42857142857,2020-08-25,4.05,196,15330910.5,54753251785.7143
"244","MI","15","B","N2",23,0.0137745466666667,245974.047619048,2020-08-25,4.05,196,15330910.5,3771006109370.36
"245","MI","16","A","N1",24,0.109516711,1955655.55357143,2020-09-01,3.3,248,12491853,24429761693847.9
"246","MI","16","A","N2",24,0.027721431,495025.553571429,2020-09-01,3.3,248,12491853,6183786446457.91
"247","MI","16","B","N1",24,0.0755542093333333,1349182.30952381,2020-09-01,3.3,248,12491853,16853787080771.9
"248","MI","16","B","N2",24,0.0379986676666667,678547.636904762,2020-09-01,3.3,248,12491853,8476317333711.66
"249","MI","17","A","N1",26,0.191076846,3412086.53571429,2020-09-08,3.26,212,12340436.6,42106637567695.8
"250","MI","17","A","N2",26,0.0580169386666667,1036016.76190476,2020-09-08,3.26,212,12340436.6,12784899166823
"251","MI","17","B","N1",26,0.0424698836666667,758390.779761905,2020-09-08,3.26,212,12340436.6,9358873335676.35
"252","MI","17","B","N2",26,0.0836069933333333,1492982.02380952,2020-09-08,3.26,212,12340436.6,18424050009761.1
"253","MI","18","A","N1",27,0.140760202666667,2513575.04761905,2020-09-15,3.45,208,13059664.5,32826446817476.3
"254","MI","18","A","N2",27,2e-04,3571.42857142857,2020-09-15,3.45,208,13059664.5,46641658928.5714
"255","MI","18","B","N1",27,0.040740237,727504.232142857,2020-09-15,3.45,208,13059664.5,9500961194115.83
"256","MI","18","B","N2",27,0.0166836153333333,297921.702380952,2020-09-15,3.45,208,13059664.5,3890757480364.09
"257","MI","18","C","N1",28,2e-04,3571.42857142857,2020-09-15,3.45,208,13059664.5,46641658928.5714
"258","MI","18","C","N2",28,0.0563992083333333,1007128.7202381,2020-09-15,3.45,208,13059664.5,13152763194623.9
"259","MI","18","D","N1",28,0.0698614693333333,1247526.23809524,2020-09-15,3.45,208,13059664.5,16292274124470.9
"260","MI","18","D","N2",28,0.120539001333333,2152482.16666667,2020-09-15,3.45,208,13059664.5,28110694938899.7
"261","MI","19","A","N1",29,0.266518217,4759253.875,2020-09-22,3.64,244,13778892.4,65577247047908
"262","MI","19","A","N1",30,2e-04,3571.42857142857,2020-09-22,3.64,244,13778892.4,49210330000
"263","MI","19","A","N2",29,2e-04,3571.42857142857,2020-09-22,3.64,244,13778892.4,49210330000
"264","MI","19","A","N2",30,0.047319438,844989.964285714,2020-09-22,3.64,244,13778892.4,11643025796972.7
"265","MI","19","B","N1",29,0.127132650666667,2270225.9047619,2020-09-22,3.64,244,13778892.4,31281198465406.9
"266","MI","19","B","N1",30,2e-04,3571.42857142857,2020-09-22,3.64,244,13778892.4,49210330000
"267","MI","19","B","N2",29,0.046416946,828874.035714286,2020-09-22,3.64,244,13778892.4,11420966151260.9
"268","MI","19","B","N2",30,0.0131939943333333,235607.041666667,2020-09-22,3.64,244,13778892.4,3246404075807.32
"269","MI","20","A","N1",31,0.236905251333333,4230450.91666667,2020-09-29,3.71,172,14043871.1,59411907368543.5
"270","MI","20","A","N2",31,0.0138299256666667,246962.958333333,2020-09-29,3.71,172,14043871.1,3468315953308
"271","MI","20","B","N1",31,0.0798655216666667,1426170.0297619,2020-09-29,3.71,172,14043871.1,20028948064659.4
"272","MI","20","B","N2",31,0.0143652533333333,256522.380952381,2020-09-29,3.71,172,14043871.1,3602567252360.33
"273","MI","21","A","N1",32,2e-04,3571.42857142857,2020-10-06,3.42,232,12946102.2,46236079285.7143
"274","MI","21","A","N2",32,2e-04,3571.42857142857,2020-10-06,3.42,232,12946102.2,46236079285.7143
"275","MI","21","B","N1",32,0.044141837,788247.089285714,2020-10-06,3.42,232,12946102.2,10204727376745.4
"276","MI","21","B","N2",32,2e-04,3571.42857142857,2020-10-06,3.42,232,12946102.2,46236079285.7143
"277","MI","22","A","N1",34,2e-04,3571.42857142857,2020-10-13,3.72,484,14081725.2,50291875714.2857
"278","MI","22","A","N2",34,2e-04,3571.42857142857,2020-10-13,3.72,484,14081725.2,50291875714.2857
"279","MI","22","B","N1",34,2e-04,3571.42857142857,2020-10-13,3.72,484,14081725.2,50291875714.2857
"280","MI","22","B","N2",34,2e-04,3571.42857142857,2020-10-13,3.72,484,14081725.2,50291875714.2857
"281","MI","22","C","N1",34,2e-04,3571.42857142857,2020-10-13,3.72,484,14081725.2,50291875714.2857
"282","MI","22","C","N2",34,2e-04,3571.42857142857,2020-10-13,3.72,484,14081725.2,50291875714.2857
"283","MI","23","A","N1",36,0.0899957276666667,1607066.56547619,2020-10-20,3.44,172,13021810.4,20926916115810.1
"284","MI","23","A","N2",36,2e-04,3571.42857142857,2020-10-20,3.44,172,13021810.4,46506465714.2857
"285","MI","23","B","N1",36,2e-04,3571.42857142857,2020-10-20,3.44,172,13021810.4,46506465714.2857
"286","MI","23","B","N2",36,2e-04,3571.42857142857,2020-10-20,3.44,172,13021810.4,46506465714.2857
"287","MI","23","C","N1",36,0.0436431536666667,779342.029761905,2020-10-20,3.44,172,13021810.4,10148444148310.7
"288","MI","23","C","N2",36,0.0210470076666667,375839.422619048,2020-10-20,3.44,172,13021810.4,4894109702190.71
"289","MI","24","A","N1",39,0.0783733806666667,1399524.6547619,2020-10-27,3.54,198,13400351.4,18754122166773.2
"290","MI","24","A","N2",39,0.0684954296666667,1223132.67261905,2020-10-27,3.54,198,13400351.4,16390407621916.4
"291","MI","24","B","N1",39,0.042821811,764675.196428571,2020-10-27,3.54,198,13400351.4,10246916339006.9
"292","MI","24","B","N2",39,0.0460432056666667,822200.101190476,2020-10-27,3.54,198,13400351.4,11017770277067.9
"293","MI","24","C","N1",39,2e-04,3571.42857142857,2020-10-27,3.54,198,13400351.4,47858397857.1429
"294","MI","24","C","N2",39,0.0299463886666667,534756.940476191,2020-10-27,3.54,198,13400351.4,7165930915969.84
"295","MI","25","A","N1",40,0.342443332,6115059.5,2020-11-02,3.4,556,12870394,78703225098443
"296","MI","25","A","N2",40,0.0138076526666667,246565.226190476,2020-11-02,3.4,556,12870394,3173391607770.55
"297","MI","25","B","N1",40,0.0417457936666667,745460.601190476,2020-11-02,3.4,556,12870394,9594371648798.3
"298","MI","25","B","N2",40,2e-04,3571.42857142857,2020-11-02,3.4,556,12870394,45965692857.1429
"299","MI","25","C","N1",40,2e-04,3571.42857142857,2020-11-02,3.4,556,12870394,45965692857.1429
"300","MI","25","C","N2",40,2e-04,3571.42857142857,2020-11-02,3.4,556,12870394,45965692857.1429
"301","MI","26","A","N1",40,0.093851183,1675913.98214286,2020-11-04,3.41,164,12908248.1,21633113475759
"302","MI","26","A","N2",40,2e-04,3571.42857142857,2020-11-04,3.41,164,12908248.1,46100886071.4286
"303","MI","26","B","N1",40,2e-04,3571.42857142857,2020-11-04,3.41,164,12908248.1,46100886071.4286
"304","MI","26","B","N2",40,2e-04,3571.42857142857,2020-11-04,3.41,164,12908248.1,46100886071.4286
"305","MI","26","C","N1",40,0.101770565333333,1817331.52380952,2020-11-04,3.41,164,12908248.1,23458566189284.4
"306","MI","26","C","N2",40,2e-04,3571.42857142857,2020-11-04,3.41,164,12908248.1,46100886071.4286
"307","MI","27","A","N1",42,2e-04,3571.42857142857,2020-11-09,3.5,264,13248935,47317625000
"308","MI","27","A","N2",42,2e-04,3571.42857142857,2020-11-09,3.5,264,13248935,47317625000
"309","MI","27","B","N1",42,2e-04,3571.42857142857,2020-11-09,3.5,264,13248935,47317625000
"310","MI","27","B","N2",42,2e-04,3571.42857142857,2020-11-09,3.5,264,13248935,47317625000
"311","MI","27","C","N1",42,2e-04,3571.42857142857,2020-11-09,3.5,264,13248935,47317625000
"312","MI","27","C","N2",42,2e-04,3571.42857142857,2020-11-09,3.5,264,13248935,47317625000
"313","MI","28","A","N1",42,0.054119727,966423.696428571,2020-11-11,3.8,476,14384558,13901577713851.2
"314","MI","28","A","N2",42,0.0280591646666667,501056.511904762,2020-11-11,3.8,476,14384558,7207476456771.74
"315","MI","28","B","N1",42,2e-04,3571.42857142857,2020-11-11,3.8,476,14384558,51373421428.5714
"316","MI","28","B","N2",42,2e-04,3571.42857142857,2020-11-11,3.8,476,14384558,51373421428.5714
"317","MI","28","C","N1",42,0.0534349863333333,954196.18452381,2020-11-11,3.8,476,14384558,13725690359661.4
"318","MI","28","C","N2",42,2e-04,3571.42857142857,2020-11-11,3.8,476,14384558,51373421428.5714
"319","MI","29","A","N1",43,2e-04,3571.42857142857,2020-11-16,3.46,368,13097518.6,46776852142.8571
"320","MI","29","A","N2",43,2e-04,3571.42857142857,2020-11-16,3.46,368,13097518.6,46776852142.8571
"321","MI","29","B","N1",43,2e-04,3571.42857142857,2020-11-16,3.46,368,13097518.6,46776852142.8571
"322","MI","29","B","N2",43,2e-04,3571.42857142857,2020-11-16,3.46,368,13097518.6,46776852142.8571
"323","MI","29","C","N1",43,0.0804385483333333,1436402.64880952,2020-11-16,3.46,368,13097518.6,18813310409872
"324","MI","29","C","N2",43,2e-04,3571.42857142857,2020-11-16,3.46,368,13097518.6,46776852142.8571
"325","MI","30","A","N1",44,2e-04,3571.42857142857,2020-11-18,3.36,364,12718977.6,45424920000
"326","MI","30","A","N2",44,2e-04,3571.42857142857,2020-11-18,3.36,364,12718977.6,45424920000
"327","MI","30","B","N1",44,2e-04,3571.42857142857,2020-11-18,3.36,364,12718977.6,45424920000
"328","MI","30","B","N2",44,0.0246824963333333,440758.863095238,2020-11-18,3.36,364,12718977.6,5606002106709.8
"329","MI","30","C","N1",44,2e-04,3571.42857142857,2020-11-18,3.36,364,12718977.6,45424920000
"330","MI","30","C","N2",44,2e-04,3571.42857142857,2020-11-18,3.36,364,12718977.6,45424920000
"331","MI","31","A","N1",45,0.108372340333333,1935220.36309524,2020-11-23,3.37,560,12756831.7,24687280474418.8
"332","MI","31","A","N2",45,2e-04,3571.42857142857,2020-11-23,3.37,560,12756831.7,45560113214.2857
"333","MI","31","B","N1",45,2e-04,3571.42857142857,2020-11-23,3.37,560,12756831.7,45560113214.2857
"334","MI","31","B","N2",45,0.025791219,460557.482142857,2020-11-23,3.37,560,12756831.7,5875254287872.18
"335","MI","31","C","N1",45,0.336416885666667,6007444.38690476,2020-11-23,3.37,560,12756831.7,76635956990853.8
"336","MI","31","C","N2",45,2e-04,3571.42857142857,2020-11-23,3.37,560,12756831.7,45560113214.2857
"337","MI","32","A","N1",46,0.065325447,1166525.83928571,2020-11-25,3.32,392,12567561.2,14660384876604.6
"338","MI","32","A","N2",46,0.013748676,245512.071428571,2020-11-25,3.32,392,12567561.2,3085487983017.34
"339","MI","32","B","N1",46,0.068250259,1218754.625,2020-11-25,3.32,392,12567561.2,15316773337470.6
"340","MI","32","B","N2",46,0.0257981003333333,460680.363095238,2020-11-25,3.32,392,12567561.2,5789628656837.63
"341","MI","32","C","N1",46,0.109284636333333,1951511.36309524,2020-11-25,3.32,392,12567561.2,24525738488194.8
"342","MI","32","C","N2",46,0.0160912206666667,287343.226190476,2020-11-25,3.32,392,12567561.2,3611203580554.25
"343","MI","33","A","N1",47,0.0549801806666667,981788.94047619,2020-11-30,8.52,240,32251693.2,31664355695391.2
"344","MI","33","A","N2",47,0.0404149836666667,721696.136904762,2020-11-30,8.52,240,32251693.2,23275922391077.6
"345","MI","33","B","N1",47,0.0621277493333333,1109424.0952381,2020-11-30,8.52,240,32251693.2,35780805548306.6
"346","MI","33","B","N2",47,2e-04,3571.42857142857,2020-11-30,8.52,240,32251693.2,115184618571.429
"347","MI","33","C","N1",47,0.0606050546666667,1082233.11904762,2020-11-30,8.52,240,32251693.2,34903850526402.9
"348","MI","33","C","N2",47,2e-04,3571.42857142857,2020-11-30,8.52,240,32251693.2,115184618571.429
"349","MI","34","A","N1",48,0.0432515866666667,772349.761904762,2020-12-02,3.89,228,14725244.9,11373039392504.3
"350","MI","34","A","N2",48,0.0653393573333333,1166774.23809524,2020-12-02,3.89,228,14725244.9,17181036398963.3
"351","MI","34","B","N1",48,0.0514722056666667,919146.529761905,2020-12-02,3.89,228,14725244.9,13534657749729.2
"352","MI","34","B","N2",48,2e-04,3571.42857142857,2020-12-02,3.89,228,14725244.9,52590160357.1429
"353","MI","34","C","N1",48,2e-04,3571.42857142857,2020-12-02,3.89,228,14725244.9,52590160357.1429
"354","MI","34","C","N2",48,2e-04,3571.42857142857,2020-12-02,3.89,228,14725244.9,52590160357.1429
"355","MI","35","A","N1",49,0.160578769333333,2867478.02380952,2020-12-07,3.75,163,14195287.5,40704674947908
"356","MI","35","A","N2",49,0.0397425356666667,709688.136904762,2020-12-07,3.75,163,14195287.5,10074227138702.5
"357","MI","35","B","N1",49,2e-04,3571.42857142857,2020-12-07,3.75,163,14195287.5,50697455357.1429
"358","MI","35","B","N2",49,0.096528445,1723722.23214286,2020-12-07,3.75,163,14195287.5,24468732655409.6
"359","MI","35","C","N1",49,0.131227395333333,2343346.3452381,2020-12-07,3.75,163,14195287.5,33264475082729
"360","MI","35","C","N2",49,2e-04,3571.42857142857,2020-12-07,3.75,163,14195287.5,50697455357.1429
"361","MI","36","A","N1",50,0.206129946,3680891.89285714,2020-12-09,3.5,396,13248935,48767897430491.2
"362","MI","36","A","N2",50,0.0754599176666667,1347498.5297619,2020-12-09,3.5,396,13248935,17852920433411
"363","MI","36","B","N1",50,0.041961082,749305.035714286,2020-12-09,3.5,396,13248935,9927493713351.25
"364","MI","36","B","N2",50,0.111467089,1990483.73214286,2020-12-09,3.5,396,13248935,26371789585718.1
"365","MI","36","C","N1",50,0.205909877,3676962.08928571,2020-12-09,3.5,396,13248935,48715831718410.6
"366","MI","36","C","N2",50,0.037706084,673322.928571429,2020-12-09,3.5,396,13248935,8920811714652.5
"367","MI","37","A","N1",51,0.243868434666667,4354793.47619048,2020-12-14,3.63,76,13741038.3,59839383944923.5
"368","MI","37","A","N2",51,0.005018043,89607.9107142857,2020-12-14,3.63,76,13741038.3,1231305733107.98
"369","MI","37","B","N1",51,0.0830271926666667,1482628.44047619,2020-12-14,3.63,76,13741038.3,20372854185252.6
"370","MI","37","B","N2",51,0.041190684,735547.928571428,2020-12-14,3.63,76,13741038.3,10107192257985.7
"371","MI","37","C","N1",51,0.0421839136666667,753284.172619048,2020-12-14,3.63,76,13741038.3,10350906666742.1
"372","MI","37","C","N2",51,2e-04,3571.42857142857,2020-12-14,3.63,76,13741038.3,49075136785.7143
"373","MI","38","A","N1",52,0.042335679,755994.267857143,2020-12-16,3.45,248,13059664.5,9873031502137.42
"374","MI","38","A","N2",52,0.203375503333333,3631705.41666667,2020-12-16,3.45,248,13059664.5,47428854304499.4
"375","MI","38","B","N1",52,2e-04,3571.42857142857,2020-12-16,3.45,248,13059664.5,46641658928.5714
"376","MI","38","B","N2",52,0.0550494703333333,983026.255952381,2020-12-16,3.45,248,13059664.5,12837993097429.2
"377","MI","38","C","N1",52,0.077136546,1377438.32142857,2020-12-16,3.45,248,13059664.5,17988882347300.3
"378","MI","38","C","N2",52,0.120354206,2149182.25,2020-12-16,3.45,248,13059664.5,28067599134355.1
"379","MI","39","A","N1",53,0.219052847333333,3911657.98809524,2020-12-21,3.4,220,12870394,50344579500033
"380","MI","39","A","N2",53,2e-04,3571.42857142857,2020-12-21,3.4,220,12870394,45965692857.1429
"381","MI","39","B","N1",53,2e-04,3571.42857142857,2020-12-21,3.4,220,12870394,45965692857.1429
"382","MI","39","B","N2",53,0.028432646,507725.821428571,2020-12-21,3.4,220,12870394,6534631365759.36
"383","MI","39","C","N1",53,0.45256133,8081452.32142857,2020-12-21,3.4,220,12870394,104011475469000
"384","MI","39","C","N2",53,0.0131495813333333,234813.952380952,2020-12-21,3.4,220,12870394,3022148083840.1
"385","MI","41","A","N1",54,0.555110177333333,9912681.73809524,2020-12-28,3.59,232,13589621.9,134709596835749
"386","MI","41","A","N2",54,0.0657566496666667,1174225.88690476,2020-12-28,3.59,232,13589621.9,15957285828227.9
"387","MI","41","B","N1",54,0.236110068666667,4216251.22619047,2020-12-28,3.59,232,13589621.9,57297259999339.9
"388","MI","41","B","N2",54,0.0888956193333333,1587421.77380952,2020-12-28,3.59,232,13589621.9,21572461701898.8
"389","MI","41","C","N1",54,0.332578541666667,5938902.52976191,2020-12-28,3.59,232,13589621.9,80707439880417.8
"390","MI","41","C","N2",54,0.0780256426666667,1393315.04761905,2020-12-28,3.59,232,13589621.9,18934624684723.4
"391","MI","42","A","N1",55,0.124710696666667,2226976.72619048,2021-01-04,4.31,224,16315117.1,36333386066772.2
"392","MI","42","A","N2",55,0.0144459256666667,257962.958333333,2021-01-04,4.31,224,16315117.1,4208695872670.75
"393","MI","42","B","N1",55,0.054691944,976641.857142857,2021-01-04,4.31,224,16315117.1,15934026264047.2
"394","MI","42","B","N2",55,0.061130785,1091621.16071429,2021-01-04,4.31,224,16315117.1,17809927065891.5
"395","MI","42","C","N1",55,2e-04,3571.42857142857,2021-01-04,4.31,224,16315117.1,58268275357.1429
"396","MI","42","C","N2",55,0.015694506,280259.035714286,2021-01-04,4.31,224,16315117.1,4572458986011.65
"397","MI","43","A","N1",56,0.947828506,16925509.0357143,2021-01-11,3.67,196,13892454.7,235136867553101
"398","MI","43","A","N2",56,0.102821005333333,1836089.38095238,2021-01-11,3.67,196,13892454.7,25507788550032
"399","MI","43","B","N1",56,0.552795043,9871340.05357143,2021-01-11,3.67,196,13892454.7,137137144522537
"400","MI","43","B","N2",56,0.0387012833333333,691094.345238095,2021-01-11,3.67,196,13892454.7,9600996884646.4
"401","MI","43","C","N1",56,0.844470911,15079837.6964286,2021-01-11,3.67,196,13892454.7,209495962080986
"402","MI","43","C","N2",56,0.064027224,1143343.28571429,2021-01-11,3.67,196,13892454.7,15883844803334.9
"403","MI","44","A","N1",57,0.131538585666667,2348903.31547619,2021-01-13,3.55,192,13438205.5,31565045453000.4
"404","MI","44","A","N2",57,0.150410056333333,2685893.86309524,2021-01-13,3.55,192,13438205.5,36093593683462.7
"405","MI","44","B","N1",57,0.127488095333333,2276573.13095238,2021-01-13,3.55,192,13438205.5,30593057569516.5
"406","MI","44","B","N2",57,0.048425804,864746.5,2021-01-13,3.55,192,13438205.5,11620641172405.8
"407","MI","44","C","N1",57,0.355447894666667,6347283.83333333,2021-01-13,3.55,192,13438205.5,85296104519161.1
"408","MI","44","C","N2",57,0.0520910133333333,930196.666666667,2021-01-13,3.55,192,13438205.5,12500173962081.7
"409","MI","45","A","N1",60,0.191168293333333,3413719.52380952,2021-01-19,3.6,432,13627476,46520380881445.7
"410","MI","45","A","N2",58,2e-04,3571.42857142857,2021-01-19,3.6,432,13627476,48669557142.8571
"411","MI","45","B","N1",60,0.258304220333333,4612575.36309524,2021-01-19,3.6,432,13627476,62857760058771.6
"412","MI","45","B","N2",58,0.0269367763333333,481013.863095238,2021-01-19,3.6,432,13627476,6555004874997.64
"413","MI","45","C","N1",60,0.251501593333333,4491099.88095238,2021-01-19,3.6,432,13627476,61202355841281.4
"414","MI","45","C","N2",58,2e-04,3571.42857142857,2021-01-19,3.6,432,13627476,48669557142.8571
"415","MI","46","A","N1",60,2e-04,3571.42857142857,2021-01-20,3.45,188,13059664.5,46641658928.5714
"416","MI","46","A","N2",58,0.0339719903333333,606642.68452381,2021-01-20,3.45,188,13059664.5,7922549931260.3
"417","MI","46","B","N1",60,0.059226568,1057617.28571429,2021-01-20,3.45,188,13059664.5,13812126920829.2
"418","MI","46","B","N2",58,0.049997477,892812.089285714,2021-01-20,3.45,188,13059664.5,11659826347615.5
"419","MI","46","C","N1",60,0.246355571333333,4399206.63095238,2021-01-20,3.45,188,13059664.5,57452162666413.4
"420","MI","46","C","N2",58,0.0659354756666667,1177419.20833333,2021-01-20,3.45,188,13059664.5,15376699836688.9
"421","MI","47","A","N1",61,0.0929197083333333,1659280.50595238,2021-01-25,3.44,488,13021810.4,21606836148928
"422","MI","47","A","N2",59,0.0297446026666667,531153.619047619,2021-01-25,3.44,488,13021810.4,6916581720511.92
"423","MI","47","B","N1",61,0.359436593,6418510.58928571,2021-01-25,3.44,488,13021810.4,83580627944070.8
"424","MI","47","B","N2",59,0.0281908536666667,503408.101190476,2021-01-25,3.44,488,13021810.4,6555284847526.4
"425","MI","47","C","N1",61,0.197557172,3527806.64285714,2021-01-25,3.44,488,13021810.4,45938429231146.2
"426","MI","47","C","N2",59,0.044938966,802481.535714286,2021-01-25,3.44,488,13021810.4,10449762407572.3
"427","MI","48","A","N1",62,0.139974139333333,2499538.20238095,2021-01-27,5.09,480,19267736.9,48160444454975.1
"428","MI","48","A","N2",60,0.0360954516666667,644561.636904762,2021-01-27,5.09,480,19267736.9,12419244035714.3
"429","MI","48","B","N1",62,0.111728305666667,1995148.31547619,2021-01-27,5.09,480,19267736.9,38441992819073.4
"430","MI","48","B","N2",60,0.049352587,881296.196428571,2021-01-27,5.09,480,19267736.9,16980583243756.4
"431","MI","48","C","N1",62,2e-04,3571.42857142857,2021-01-27,5.09,480,19267736.9,68813346071.4286
"432","MI","48","C","N2",60,0.044460477,793937.089285714,2021-01-27,5.09,480,19267736.9,15297370951509
"433","MI","49","A","N1",63,2e-04,3571.42857142857,2021-02-01,4.14,164,15671597.4,55969990714.2857
"434","MI","49","A","N2",61,2e-04,3571.42857142857,2021-02-01,4.14,164,15671597.4,55969990714.2857
"435","MI","49","B","N1",63,2e-04,3571.42857142857,2021-02-01,4.14,164,15671597.4,55969990714.2857
"436","MI","49","B","N2",61,2e-04,3571.42857142857,2021-02-01,4.14,164,15671597.4,55969990714.2857
"437","MI","49","C","N1",63,0.0888045423333333,1585795.39880952,2021-02-01,4.14,164,15671597.4,24851947048915.3
"438","MI","49","C","N2",61,2e-04,3571.42857142857,2021-02-01,4.14,164,15671597.4,55969990714.2857
"439","MI","50","A","N1",64,0.0874738613333333,1562033.23809524,2021-02-03,3.75,160,14195287.5,22173510899317.9
"440","MI","50","A","N2",62,2e-04,3571.42857142857,2021-02-03,3.75,160,14195287.5,50697455357.1429
"441","MI","50","B","N1",64,2e-04,3571.42857142857,2021-02-03,3.75,160,14195287.5,50697455357.1429
"442","MI","50","B","N2",62,2e-04,3571.42857142857,2021-02-03,3.75,160,14195287.5,50697455357.1429
"443","MI","50","C","N1",64,0.0417851783333333,746163.898809524,2021-02-03,3.75,160,14195287.5,10592011065722.1
"444","MI","50","C","N2",62,2e-04,3571.42857142857,2021-02-03,3.75,160,14195287.5,50697455357.1429
"445","MI","7","A","N1",15,0.0774928163333333,1383800.29166667,2020-06-30,3.02,428,11431938.2,15819519415475.3
"446","MI","7","A","N2",16,2e-04,3571.42857142857,2020-06-30,3.02,428,11431938.2,40828350714.2857
"447","MI","7","B","N1",15,2e-04,3571.42857142857,2020-06-30,3.02,428,11431938.2,40828350714.2857
"448","MI","7","B","N2",16,2e-04,3571.42857142857,2020-06-30,3.02,428,11431938.2,40828350714.2857
"449","MI","7","C","N1",10,0.042374965,756695.803571429,2020-06-30,3.02,428,11431938.2,8650499662627.91
"450","MI","7","C","N1",15,2e-04,3571.42857142857,2020-06-30,3.02,428,11431938.2,40828350714.2857
"451","MI","7","C","N2",10,0.0312960486666667,558858.011904762,2020-06-30,3.02,428,11431938.2,6388830254670.1
"452","MI","7","C","N2",16,2e-04,3571.42857142857,2020-06-30,3.02,428,11431938.2,40828350714.2857
"453","MI","8","A","N1",15,2e-04,3571.42857142857,2020-07-07,3.41,378,12908248.1,46100886071.4286
"454","MI","8","A","N2",16,2e-04,3571.42857142857,2020-07-07,3.41,378,12908248.1,46100886071.4286
"455","MI","8","B","N1",15,0.078612828,1403800.5,2020-07-07,3.41,378,12908248.1,18120605136904.1
"456","MI","8","B","N2",16,2e-04,3571.42857142857,2020-07-07,3.41,378,12908248.1,46100886071.4286
"457","MI","9","A","N1",15,2e-04,3571.42857142857,2020-07-14,2.92,220,11053397.2,39476418571.4286
"458","MI","9","A","N2",16,0.0776071923333333,1385842.7202381,2020-07-14,2.92,220,11053397.2,15318270043520.1
"459","MI","9","B","N1",15,2e-04,3571.42857142857,2020-07-14,2.92,220,11053397.2,39476418571.4286
"460","MI","9","B","N2",16,2e-04,3571.42857142857,2020-07-14,2.92,220,11053397.2,39476418571.4286
"461","NO","10","A","N1",18,2e-04,3571.42857142857,2020-07-21,4.7,160,17791427,63540810714.2857
"462","NO","10","A","N2",18,0.013023268,232558.357142857,2020-07-21,4.7,160,17791427,4137545034347.07
"463","NO","10","B","N1",18,2e-04,3571.42857142857,2020-07-21,4.7,160,17791427,63540810714.2857
"464","NO","10","B","N2",18,0.047829615,854100.267857143,2020-07-21,4.7,160,17791427,15195662566260.8
"465","NO","11","A","N1",20,2e-04,3571.42857142857,2020-07-28,4.77,256,18056405.7,64487163214.2857
"466","NO","11","A","N2",19,0.0211896356666667,378386.351190476,2020-07-28,4.77,256,18056405.7,6832297468437.92
"467","NO","11","B","N1",20,0.344097627,6144600.48214286,2020-07-28,4.77,256,18056405.7,110949399169987
"468","NO","11","B","N2",19,0.0753252566666667,1345093.86904762,2020-07-28,4.77,256,18056405.7,24287560604106.5
"469","NO","12","A","N1",20,2e-04,3571.42857142857,2020-08-04,5.8,296,21955378,78412064285.7143
"470","NO","12","A","N2",20,2e-04,3571.42857142857,2020-08-04,5.8,296,21955378,78412064285.7143
"471","NO","12","B","N1",20,2e-04,3571.42857142857,2020-08-04,5.8,296,21955378,78412064285.7143
"472","NO","12","B","N2",20,0.013030217,232682.446428571,2020-08-04,5.8,296,21955378,5108631065304.04
"473","NO","13","A","N1",21,2e-04,3571.42857142857,2020-08-11,5.16,319,19532715.6,69759698571.4286
"474","NO","13","A","N2",21,2e-04,3571.42857142857,2020-08-11,5.16,319,19532715.6,69759698571.4286
"475","NO","13","B","N1",21,0.0437387743333333,781049.541666667,2020-08-11,5.16,319,19532715.6,15256018566885.4
"476","NO","13","B","N2",21,0.0157801376666667,281788.172619048,2020-08-11,5.16,319,19532715.6,5504088235211.57
"477","NO","14","A","N1",22,0.0579226256666667,1034332.60119048,2020-08-18,5.71,266,21614691.1,22356779669391.6
"478","NO","14","A","N2",22,0.013793465,246311.875,2020-08-18,5.71,266,21614691.1,5323955092386.81
"479","NO","14","B","N1",22,2e-04,3571.42857142857,2020-08-18,5.71,266,21614691.1,77195325357.1429
"480","NO","14","B","N2",22,0.0281962543333333,503504.541666667,2020-08-18,5.71,266,21614691.1,10883095135572.1
"481","NO","15","A","N1",23,0.125837826,2247104.03571429,2020-08-25,6.36,294,24075207.6,54099496158619.2
"482","NO","15","A","N2",23,0.01938904,346232.857142857,2020-08-25,6.36,294,24075207.6,8335627913655.43
"483","NO","15","B","N1",23,0.065527166,1170127.96428571,2020-08-25,6.36,294,24075207.6,28171073658744
"484","NO","15","B","N2",23,2e-04,3571.42857142857,2020-08-25,6.36,294,24075207.6,85982884285.7143
"485","NO","16","A","N1",24,0.216961709,3874316.23214286,2020-09-01,5.73,215,21690399.3,84035466089650.1
"486","NO","16","A","N2",24,0.089670509,1601259.08928571,2020-09-01,5.73,215,21690399.3,34731949029361.5
"487","NO","16","B","N1",24,0.386168054333333,6895858.11309524,2020-09-01,5.73,215,21690399.3,149573915989180
"488","NO","16","B","N2",24,0.111913496666667,1998455.29761905,2020-09-01,5.73,215,21690399.3,43347293388557.5
"489","NO","17","A","N1",26,0.196703391666667,3512560.56547619,2020-09-08,4.96,250,18775633.6,65950550175189.8
"490","NO","17","A","N2",26,0.093926448,1677258,2020-09-08,4.96,250,18775633.6,31491581660668.8
"491","NO","17","B","N1",26,0.425232183333333,7593431.8452381,2020-09-08,4.96,250,18775633.6,142571494092762
"492","NO","17","B","N2",26,0.098140755,1752513.48214286,2020-09-08,4.96,250,18775633.6,32904551019774.4
"493","NO","18","A","N1",27,0.145753845333333,2602747.23809524,2020-09-15,5.46,596,20668338.6,53794461207167.2
"494","NO","18","A","N2",27,0.0705011393333333,1258948.91666667,2020-09-15,5.46,596,20668338.6,26020382489769.9
"495","NO","18","B","N1",27,0.0475424556666667,848972.422619047,2020-09-15,5.46,596,20668338.6,17546849492752.8
"496","NO","18","B","N2",27,0.0566608743333333,1011801.32738095,2020-09-15,5.46,596,20668338.6,20912252430239
"497","NO","18","C","N1",28,0.22264563,3975814.82142857,2020-09-15,5.46,596,20668338.6,82173486940184.2
"498","NO","18","C","N2",28,2e-04,3571.42857142857,2020-09-15,5.46,596,20668338.6,73815495000
"499","NO","18","D","N1",28,0.09530088,1701801.42857143,2020-09-15,5.46,596,20668338.6,35173408155678
"500","NO","18","D","N2",28,0.0137366803333333,245297.863095238,2020-09-15,5.46,596,20668338.6,5069899292308.82
"501","NO","19","A","N1",29,2e-04,3571.42857142857,2020-09-22,5.42,233,20516922.2,73274722142.8571
"502","NO","19","A","N1",30,0.0890353506666667,1589916.97619048,2020-09-22,5.42,233,20516922.2,32620202904959.3
"503","NO","19","A","N2",29,0.0301218296666667,537889.815476191,2020-09-22,5.42,233,20516922.2,11035843496297.4
"504","NO","19","A","N2",30,0.02064291,368623.392857143,2020-09-22,5.42,233,20516922.2,7563017472350.04
"505","NO","19","B","N1",29,2e-04,3571.42857142857,2020-09-22,5.42,233,20516922.2,73274722142.8571
"506","NO","19","B","N1",30,0.0615238283333333,1098639.79166667,2020-09-22,5.42,233,20516922.2,22540707131449.2
"507","NO","19","B","N2",29,0.0128620033333333,229678.630952381,2020-09-22,5.42,233,20516922.2,4712298602252.51
"508","NO","19","B","N2",30,2e-04,3571.42857142857,2020-09-22,5.42,233,20516922.2,73274722142.8571
"509","NO","20","A","N1",31,2e-04,3571.42857142857,2020-09-29,5.55,218,21009025.5,75032233928.5714
"510","NO","20","A","N2",31,2e-04,3571.42857142857,2020-09-29,5.55,218,21009025.5,75032233928.5714
"511","NO","20","B","N1",31,2e-04,3571.42857142857,2020-09-29,5.55,218,21009025.5,75032233928.5714
"512","NO","20","B","N2",31,2e-04,3571.42857142857,2020-09-29,5.55,218,21009025.5,75032233928.5714
"513","NO","21","A","N1",32,2e-04,3571.42857142857,2020-10-06,5.38,286,20365505.8,72733949285.7143
"514","NO","21","A","N2",32,0.0138659733333333,247606.666666667,2020-10-06,5.38,286,20365505.8,5042635006118.67
"515","NO","21","B","N1",32,2e-04,3571.42857142857,2020-10-06,5.38,286,20365505.8,72733949285.7143
"516","NO","21","B","N2",32,2e-04,3571.42857142857,2020-10-06,5.38,286,20365505.8,72733949285.7143
"517","NO","22","A","N1",34,2e-04,3571.42857142857,2020-10-13,5.63,454,21311858.3,76113779642.8571
"518","NO","22","A","N2",34,0.043079677,769279.946428571,2020-10-13,5.63,454,21311858.3,16394785211317.3
"519","NO","22","B","N1",34,0.119943643333333,2141850.77380952,2020-10-13,5.63,454,21311858.3,45646820191173.9
"520","NO","22","B","N2",34,0.0912939046666667,1630248.29761905,2020-10-13,5.63,454,21311858.3,34743620712673.4
"521","NO","22","C","N1",34,2e-04,3571.42857142857,2020-10-13,5.63,454,21311858.3,76113779642.8571
"522","NO","22","C","N2",34,0.0364914833333333,651633.630952381,2020-10-13,5.63,454,21311858.3,13887523606371.6
"523","NO","23","A","N1",36,0.122169986,2181606.89285714,2020-10-20,5.22,123,19759840.2,43108203582075.7
"524","NO","23","A","N2",36,0.022754449,406329.446428572,2020-10-20,5.22,123,19759840.2,8029004929983.03
"525","NO","23","B","N1",36,2e-04,3571.42857142857,2020-10-20,5.22,123,19759840.2,70570857857.1429
"526","NO","23","B","N2",36,0.0285598883333333,509998.005952381,2020-10-20,5.22,123,19759840.2,10077479099937.7
"527","NO","23","C","N1",36,2e-04,3571.42857142857,2020-10-20,5.22,123,19759840.2,70570857857.1429
"528","NO","23","C","N2",36,0.0203089273333333,362659.416666667,2020-10-20,5.22,123,19759840.2,7166092120358.55
"529","NO","24","A","N1",39,2e-04,3571.42857142857,2020-10-27,5.24,219,19835548.4,70841244285.7143
"530","NO","24","A","N2",39,2e-04,3571.42857142857,2020-10-27,5.24,219,19835548.4,70841244285.7143
"531","NO","24","B","N1",39,2e-04,3571.42857142857,2020-10-27,5.24,219,19835548.4,70841244285.7143
"532","NO","24","B","N2",39,0.045897156,819592.071428572,2020-10-27,5.24,219,19835548.4,16257058201077.7
"533","NO","24","C","N1",39,0.230857815,4122460.98214286,2020-10-27,5.24,219,19835548.4,81771274338406.2
"534","NO","24","C","N2",39,0.034645764,618674.357142857,2020-10-27,5.24,219,19835548.4,12271745154946
"535","NO","25","A","N1",40,2e-04,3571.42857142857,2020-11-02,4.67,238,17677864.7,63135231071.4286
"536","NO","25","A","N2",40,2e-04,3571.42857142857,2020-11-02,4.67,238,17677864.7,63135231071.4286
"537","NO","25","B","N1",40,2e-04,3571.42857142857,2020-11-02,4.67,238,17677864.7,63135231071.4286
"538","NO","25","B","N2",40,2e-04,3571.42857142857,2020-11-02,4.67,238,17677864.7,63135231071.4286
"539","NO","25","C","N1",40,2e-04,3571.42857142857,2020-11-02,4.67,238,17677864.7,63135231071.4286
"540","NO","25","C","N2",40,2e-04,3571.42857142857,2020-11-02,4.67,238,17677864.7,63135231071.4286
"541","NO","26","A","N1",40,2e-04,3571.42857142857,2020-11-04,4.91,367,18586363.1,66379868214.2857
"542","NO","26","A","N2",40,2e-04,3571.42857142857,2020-11-04,4.91,367,18586363.1,66379868214.2857
"543","NO","26","B","N1",40,0.0933320923333333,1666644.50595238,2020-11-04,4.91,367,18586363.1,30976859946251.1
"544","NO","26","B","N2",40,2e-04,3571.42857142857,2020-11-04,4.91,367,18586363.1,66379868214.2857
"545","NO","26","C","N1",40,2e-04,3571.42857142857,2020-11-04,4.91,367,18586363.1,66379868214.2857
"546","NO","26","C","N2",40,2e-04,3571.42857142857,2020-11-04,4.91,367,18586363.1,66379868214.2857
"547","NO","27","A","N1",42,0.0710801266666667,1269287.97619048,2020-11-09,4.75,354,17980697.5,22822683140268.1
"548","NO","27","A","N2",42,0.0171367113333333,306012.702380952,2020-11-09,4.75,354,17980697.5,5502321832669.43
"549","NO","27","B","N1",42,2e-04,3571.42857142857,2020-11-09,4.75,354,17980697.5,64216776785.7143
"550","NO","27","B","N2",42,0.014145248,252593.714285714,2020-11-09,4.75,354,17980697.5,4541811166972.86
"551","NO","27","C","N1",42,2e-04,3571.42857142857,2020-11-09,4.75,354,17980697.5,64216776785.7143
"552","NO","27","C","N2",42,0.0146039186666667,260784.261904762,2020-11-09,4.75,354,17980697.5,4689082926070.3
"553","NO","28","A","N1",42,2e-04,3571.42857142857,2020-11-11,5.56,364,21046879.6,75167427142.8571
"554","NO","28","A","N2",42,2e-04,3571.42857142857,2020-11-11,5.56,364,21046879.6,75167427142.8571
"555","NO","28","B","N1",42,2e-04,3571.42857142857,2020-11-11,5.56,364,21046879.6,75167427142.8571
"556","NO","28","B","N2",42,0.0148419383333333,265034.613095238,2020-11-11,5.56,364,21046879.6,5578151591648.06
"557","NO","28","C","N1",42,2e-04,3571.42857142857,2020-11-11,5.56,364,21046879.6,75167427142.8571
"558","NO","28","C","N2",42,0.0143641953333333,256503.488095238,2020-11-11,5.56,364,21046879.6,5398598030920.51
"559","NO","29","A","N1",43,0.044214669,789547.660714286,2020-11-16,4.82,180,18245676.2,14405830961860.3
"560","NO","29","A","N2",43,2e-04,3571.42857142857,2020-11-16,4.82,180,18245676.2,65163129285.7143
"561","NO","29","B","N1",43,2e-04,3571.42857142857,2020-11-16,4.82,180,18245676.2,65163129285.7143
"562","NO","29","B","N2",43,2e-04,3571.42857142857,2020-11-16,4.82,180,18245676.2,65163129285.7143
"563","NO","29","C","N1",43,2e-04,3571.42857142857,2020-11-16,4.82,180,18245676.2,65163129285.7143
"564","NO","29","C","N2",43,2e-04,3571.42857142857,2020-11-16,4.82,180,18245676.2,65163129285.7143
"565","NO","30","A","N1",44,2e-04,3571.42857142857,2020-11-18,5.14,236,19457007.4,69489312142.8571
"566","NO","30","A","N2",44,2e-04,3571.42857142857,2020-11-18,5.14,236,19457007.4,69489312142.8571
"567","NO","30","B","N1",44,0.0897527986666667,1602728.54761905,2020-11-18,5.14,236,19457007.4,31184301211215.1
"568","NO","30","B","N2",44,2e-04,3571.42857142857,2020-11-18,5.14,236,19457007.4,69489312142.8571
"569","NO","30","C","N1",44,2e-04,3571.42857142857,2020-11-18,5.14,236,19457007.4,69489312142.8571
"570","NO","30","C","N2",44,2e-04,3571.42857142857,2020-11-18,5.14,236,19457007.4,69489312142.8571
"571","NO","31","A","N1",45,2e-04,3571.42857142857,2020-11-23,4.51,510,17072199.1,60972139642.8571
"572","NO","31","A","N2",45,2e-04,3571.42857142857,2020-11-23,4.51,510,17072199.1,60972139642.8571
"573","NO","31","B","N1",45,0.100647773,1797281.66071429,2020-11-23,4.51,510,17072199.1,30683550350492.9
"574","NO","31","B","N2",45,0.013011877,232354.946428571,2020-11-23,4.51,510,17072199.1,3966809907298.41
"575","NO","31","C","N1",45,2e-04,3571.42857142857,2020-11-23,4.51,510,17072199.1,60972139642.8571
"576","NO","31","C","N2",45,2e-04,3571.42857142857,2020-11-23,4.51,510,17072199.1,60972139642.8571
"577","NO","32","A","N1",46,0.0549375513333333,981027.702380952,2020-11-25,4.32,258,16352971.2,16042717763437.9
"578","NO","32","A","N2",46,2e-04,3571.42857142857,2020-11-25,4.32,258,16352971.2,58403468571.4286
"579","NO","32","B","N1",46,2e-04,3571.42857142857,2020-11-25,4.32,258,16352971.2,58403468571.4286
"580","NO","32","B","N2",46,2e-04,3571.42857142857,2020-11-25,4.32,258,16352971.2,58403468571.4286
"581","NO","32","C","N1",46,0.0612015193333333,1092884.27380952,2020-11-25,4.32,258,16352971.2,17871905054540.1
"582","NO","32","C","N2",46,2e-04,3571.42857142857,2020-11-25,4.32,258,16352971.2,58403468571.4286
"583","NO","33","A","N1",47,0.0429467966666667,766907.083333333,2020-11-30,8.72,272,33008775.2,25314663513037.7
"584","NO","33","A","N2",47,2e-04,3571.42857142857,2020-11-30,8.72,272,33008775.2,117888482857.143
"585","NO","33","B","N1",47,2e-04,3571.42857142857,2020-11-30,8.72,272,33008775.2,117888482857.143
"586","NO","33","B","N2",47,0.028978198,517467.821428571,2020-11-30,8.72,272,33008775.2,17080978990769.5
"587","NO","33","C","N1",47,0.056247829,1004425.51785714,2020-11-30,8.72,272,33008775.2,33154856124090
"588","NO","33","C","N2",47,2e-04,3571.42857142857,2020-11-30,8.72,272,33008775.2,117888482857.143
"589","NO","34","A","N1",48,0.0531411293333333,948948.738095238,2020-12-02,5.39,246,20403359.9,19361742630008
"590","NO","34","A","N2",48,0.0287252153333333,512950.273809524,2020-12-02,5.39,246,20403359.9,10465909047339.3
"591","NO","34","B","N1",48,2e-04,3571.42857142857,2020-12-02,5.39,246,20403359.9,72869142500
"592","NO","34","B","N2",48,2e-04,3571.42857142857,2020-12-02,5.39,246,20403359.9,72869142500
"593","NO","34","C","N1",48,2e-04,3571.42857142857,2020-12-02,5.39,246,20403359.9,72869142500
"594","NO","34","C","N2",48,2e-04,3571.42857142857,2020-12-02,5.39,246,20403359.9,72869142500
"595","NO","35","A","N1",49,0.228265920666667,4076177.1547619,2020-12-07,4.96,320,18775633.6,76532808746500
"596","NO","35","A","N2",49,0.0133843143333333,239005.613095238,2020-12-07,4.96,320,18775633.6,4487481819819.55
"597","NO","35","B","N1",49,0.225707904666667,4030498.29761905,2020-12-07,4.96,320,18775633.6,75675159261519
"598","NO","35","B","N2",49,0.016149965,288392.232142857,2020-12-07,4.96,320,18775633.6,5414746883800.43
"599","NO","35","C","N1",49,0.113206155666667,2021538.49404762,2020-12-07,4.96,320,18775633.6,37955666072533.9
"600","NO","35","C","N2",49,0.032812538,585938.178571429,2020-12-07,4.96,320,18775633.6,11001360553108.5
"601","NO","36","A","N1",50,2e-04,3571.42857142857,2020-12-09,5.15,462,19494861.5,69624505357.1429
"602","NO","36","A","N2",50,2e-04,3571.42857142857,2020-12-09,5.15,462,19494861.5,69624505357.1429
"603","NO","36","B","N1",50,2e-04,3571.42857142857,2020-12-09,5.15,462,19494861.5,69624505357.1429
"604","NO","36","B","N2",50,0.0316644213333333,565436.095238095,2020-12-09,5.15,462,19494861.5,11023098363767.5
"605","NO","36","C","N1",50,2e-04,3571.42857142857,2020-12-09,5.15,462,19494861.5,69624505357.1429
"606","NO","36","C","N2",50,2e-04,3571.42857142857,2020-12-09,5.15,462,19494861.5,69624505357.1429
"607","NO","37","A","N1",51,0.104305786333333,1862603.32738095,2020-12-14,4.8,184,18169968,33843442855205.4
"608","NO","37","A","N2",51,2e-04,3571.42857142857,2020-12-14,4.8,184,18169968,64892742857.1429
"609","NO","37","B","N1",51,0.104661978666667,1868963.9047619,2020-12-14,4.8,184,18169968,33959014342678.9
"610","NO","37","B","N2",51,0.0141707166666667,253048.511904762,2020-12-14,4.8,184,18169968,4597883363757.14
"611","NO","37","C","N1",51,0.111551434666667,1991989.9047619,2020-12-14,4.8,184,18169968,36194392825846.9
"612","NO","37","C","N2",51,0.029282985,522910.446428571,2020-12-14,4.8,184,18169968,9501266078472.86
"613","NO","38","A","N1",52,0.241194724,4307048.64285714,2020-12-16,4.95,272,18737779.5,80704527765631.4
"614","NO","38","A","N2",52,0.101810500333333,1818044.64880952,2020-12-16,4.95,272,18737779.5,34066119750547.8
"615","NO","38","B","N1",52,2e-04,3571.42857142857,2020-12-16,4.95,272,18737779.5,66920641071.4286
"616","NO","38","B","N2",52,0.214454650666667,3829547.33333333,2020-12-16,4.95,272,18737779.5,71757213516813
"617","NO","38","C","N1",52,2e-04,3571.42857142857,2020-12-16,4.95,272,18737779.5,66920641071.4286
"618","NO","38","C","N2",52,2e-04,3571.42857142857,2020-12-16,4.95,272,18737779.5,66920641071.4286
"619","NO","39","A","N1",53,0.507339316,9059630.64285714,2020-12-21,3.99,305,15103785.9,136834721562794
"620","NO","39","A","N2",53,2e-04,3571.42857142857,2020-12-21,3.99,305,15103785.9,53942092500
"621","NO","39","B","N1",53,0.291859382333333,5211774.68452381,2020-12-21,3.99,305,15103785.9,78717528994087.7
"622","NO","39","B","N2",53,0.0258242106666667,461146.619047619,2020-12-21,3.99,305,15103785.9,6965059802604.1
"623","NO","39","C","N1",53,2e-04,3571.42857142857,2020-12-21,3.99,305,15103785.9,53942092500
"624","NO","39","C","N2",53,2e-04,3571.42857142857,2020-12-21,3.99,305,15103785.9,53942092500
"625","NO","41","A","N1",54,2e-04,3571.42857142857,2020-12-28,4.23,182,16012284.3,57186729642.8571
"626","NO","41","A","N2",54,0.040099473,716062.017857143,2020-12-28,4.23,182,16012284.3,11465788606360.3
"627","NO","41","B","N1",54,0.0772697796666667,1379817.49404762,2020-12-28,4.23,182,16012284.3,22094029996804
"628","NO","41","B","N2",54,2e-04,3571.42857142857,2020-12-28,4.23,182,16012284.3,57186729642.8571
"629","NO","41","C","N1",54,2e-04,3571.42857142857,2020-12-28,4.23,182,16012284.3,57186729642.8571
"630","NO","41","C","N2",54,0.06734775,1202638.39285714,2020-12-28,4.23,182,16012284.3,19256987856523.7
"631","NO","42","A","N1",55,0.178783695333333,3192565.98809524,2021-01-04,4.89,156,18510654.9,59096487251108.5
"632","NO","42","A","N2",55,0.115374424333333,2060257.57738095,2021-01-04,4.89,156,18510654.9,38136717020008.9
"633","NO","42","B","N1",55,2e-04,3571.42857142857,2021-01-04,4.89,156,18510654.9,66109481785.7143
"634","NO","42","B","N2",55,0.093986943,1678338.26785714,2021-01-04,4.89,156,18510654.9,31067140481767.3
"635","NO","42","C","N1",55,2e-04,3571.42857142857,2021-01-04,4.89,156,18510654.9,66109481785.7143
"636","NO","42","C","N2",55,2e-04,3571.42857142857,2021-01-04,4.89,156,18510654.9,66109481785.7143
"637","NO","43","A","N1",56,2e-04,3571.42857142857,2021-01-11,4.8,246,18169968,64892742857.1429
"638","NO","43","A","N2",56,0.0378257486666667,675459.797619048,2021-01-11,4.8,246,18169968,12273082908024.6
"639","NO","43","B","N1",56,1.32935339166667,23738453.422619,2021-01-11,4.8,246,18169968,431326939058479
"640","NO","43","B","N2",56,2e-04,3571.42857142857,2021-01-11,4.8,246,18169968,64892742857.1429
"641","NO","43","C","N1",56,0.631200003,11271428.625,2021-01-11,4.8,246,18169968,204801497430534
"642","NO","43","C","N2",56,0.135522927666667,2420052.2797619,2021-01-11,4.8,246,18169968,43972272481600.9
"643","NO","44","A","N1",57,0.277860073333333,4961787.02380952,2021-01-13,5.57,171,21084733.7,104617958073139
"644","NO","44","A","N2",57,0.0780529453333333,1393802.5952381,2021-01-13,5.57,171,21084733.7,29387956550964.1
"645","NO","44","B","N1",57,0.086715212,1548485.92857143,2021-01-13,5.57,171,21084733.7,32649413442125.8
"646","NO","44","B","N2",57,0.139102488333333,2483973.00595238,2021-01-13,5.57,171,21084733.7,52373909348494.5
"647","NO","44","C","N1",57,2e-04,3571.42857142857,2021-01-13,5.57,171,21084733.7,75302620357.1429
"648","NO","44","C","N2",57,2e-04,3571.42857142857,2021-01-13,5.57,171,21084733.7,75302620357.1429
"649","NO","45","A","N1",60,0.058509424,1044811.14285714,2021-01-19,5.39,196,20403359.9,21317657775244.6
"650","NO","45","A","N2",58,2e-04,3571.42857142857,2021-01-19,5.39,196,20403359.9,72869142500
"651","NO","45","B","N1",60,2.75002284733333,49107550.8452381,2021-01-19,5.39,196,20403359.9,1001959033702942
"652","NO","45","B","N2",58,0.487381926666667,8703248.69047619,2021-01-19,5.39,196,20403359.9,177575515330989
"653","NO","45","C","N1",60,0.178160157,3181431.375,2021-01-19,5.39,196,20403359.9,64911889341276.9
"654","NO","45","C","N2",58,0.0257947616666667,460620.744047619,2021-01-19,5.39,196,20403359.9,9398210818209.36
"655","NO","46","A","N1",60,2e-04,3571.42857142857,2021-01-20,5.43,312,20554776.3,73409915357.1429
"656","NO","46","A","N2",58,0.0156775766666667,279956.726190476,2021-01-20,5.43,312,20554776.3,5754447880525.59
"657","NO","46","B","N1",60,0.354148480666667,6324080.01190476,2021-01-20,5.43,312,20554776.3,129990049948004
"658","NO","46","B","N2",58,0.121709857666667,2173390.31547619,2021-01-20,5.43,312,20554776.3,44673551747199.5
"659","NO","46","C","N1",60,0.236159595,4217135.625,2021-01-20,5.43,312,20554776.3,86682279398635.7
"660","NO","46","C","N2",58,0.029895695,533851.696428571,2021-01-20,5.43,312,20554776.3,10973202197464.8
"661","NO","47","A","N1",61,2e-04,3571.42857142857,2021-01-25,5.03,156,19040612.3,68002186785.7143
"662","NO","47","A","N2",59,2e-04,3571.42857142857,2021-01-25,5.03,156,19040612.3,68002186785.7143
"663","NO","47","B","N1",61,2e-04,3571.42857142857,2021-01-25,5.03,156,19040612.3,68002186785.7143
"664","NO","47","B","N2",59,0.0409613216666667,731452.172619048,2021-01-25,5.03,156,19040612.3,13927297234832
"665","NO","47","C","N1",61,0.199289060666667,3558733.22619048,2021-01-25,5.03,156,19040612.3,67760459639021.1
"666","NO","47","C","N2",59,0.124053717,2215244.94642857,2021-01-25,5.03,156,19040612.3,42179620174480.7
"667","NO","48","A","N1",62,2e-04,3571.42857142857,2021-01-27,6.62,352,25059414.2,89497907857.1429
"668","NO","48","A","N2",60,2e-04,3571.42857142857,2021-01-27,6.62,352,25059414.2,89497907857.1429
"669","NO","48","B","N1",62,0.108251217,1933057.44642857,2021-01-27,6.62,352,25059414.2,48441287222447.9
"670","NO","48","B","N2",60,0.0375413836666667,670381.851190476,2021-01-27,6.62,352,25059414.2,16799376481144.9
"671","NO","48","C","N1",62,0.191065050666667,3411875.9047619,2021-01-27,6.62,352,25059414.2,85499611496428.3
"672","NO","48","C","N2",60,0.038618125,689609.375,2021-01-27,6.62,352,25059414.2,17281206964328.1
"673","NO","49","A","N1",63,2e-04,3571.42857142857,2021-02-01,5.62,82,21274004.2,75978586428.5714
"674","NO","49","A","N2",61,2e-04,3571.42857142857,2021-02-01,5.62,82,21274004.2,75978586428.5714
"675","NO","49","B","N1",63,0.093475202,1669200.03571429,2021-02-01,5.62,82,21274004.2,35510568570425.9
"676","NO","49","B","N2",61,2e-04,3571.42857142857,2021-02-01,5.62,82,21274004.2,75978586428.5714
"677","NO","49","C","N1",63,0.177641363666667,3172167.20833333,2021-02-01,5.62,82,21274004.2,67484698513185.6
"678","NO","49","C","N2",61,2e-04,3571.42857142857,2021-02-01,5.62,82,21274004.2,75978586428.5714
"679","NO","50","A","N1",64,2e-04,3571.42857142857,2021-02-03,5.73,162,21690399.3,77465711785.7143
"680","NO","50","A","N2",62,2e-04,3571.42857142857,2021-02-03,5.73,162,21690399.3,77465711785.7143
"681","NO","50","B","N1",64,0.241143364333333,4306131.50595238,2021-02-03,5.73,162,21690399.3,93401711802417.5
"682","NO","50","B","N2",62,0.0309833343333333,553273.827380952,2021-02-03,5.73,162,21690399.3,12000730238132.1
"683","NO","50","C","N1",64,2e-04,3571.42857142857,2021-02-03,5.73,162,21690399.3,77465711785.7143
"684","NO","50","C","N2",62,2e-04,3571.42857142857,2021-02-03,5.73,162,21690399.3,77465711785.7143
"685","NO","7","A","N1",14,2e-04,3571.42857142857,2020-06-30,4.95,284,18737779.5,66920641071.4286
"686","NO","7","A","N1",15,0.0898996746666667,1605351.33333333,2020-06-30,4.95,284,18737779.5,30080719304031
"687","NO","7","A","N2",14,0.0138342173333333,247039.595238095,2020-06-30,4.95,284,18737779.5,4628973463340.68
"688","NO","7","A","N2",16,0.0131903536666667,235542.029761905,2020-06-30,4.95,284,18737779.5,4413534616661.01
"689","NO","7","B","N1",15,2e-04,3571.42857142857,2020-06-30,4.95,284,18737779.5,66920641071.4286
"690","NO","7","B","N2",16,2e-04,3571.42857142857,2020-06-30,4.95,284,18737779.5,66920641071.4286
"691","NO","7","C","N1",10,0.336235207333333,6004200.13095238,2020-06-30,4.95,284,18737779.5,112505378127657
"692","NO","7","C","N1",14,0.109602249333333,1957183.02380952,2020-06-30,4.95,284,18737779.5,36673263941286.1
"693","NO","7","C","N1",15,0.157312211,2809146.625,2020-06-30,4.95,284,18737779.5,52637170042419.2
"694","NO","7","C","N2",10,0.0134676726666667,240494.154761905,2020-06-30,4.95,284,18737779.5,4506326442967.45
"695","NO","7","C","N2",14,2e-04,3571.42857142857,2020-06-30,4.95,284,18737779.5,66920641071.4286
"696","NO","7","C","N2",16,0.141028060666667,2518358.22619048,2020-06-30,4.95,284,18737779.5,47188441144368.3
"697","NO","8","A","N1",14,2e-04,3571.42857142857,2020-07-07,5.56,206,21046879.6,75167427142.8571
"698","NO","8","A","N1",15,2e-04,3571.42857142857,2020-07-07,5.56,206,21046879.6,75167427142.8571
"699","NO","8","A","N2",14,0.014150383,252685.410714286,2020-07-07,5.56,206,21046879.6,5318239415980.12
"700","NO","8","A","N2",16,0.0171795156666667,306777.06547619,2020-07-07,5.56,206,21046879.6,6456699961118.7
"701","NO","8","B","N1",15,2e-04,3571.42857142857,2020-07-07,5.56,206,21046879.6,75167427142.8571
"702","NO","8","B","N2",16,2e-04,3571.42857142857,2020-07-07,5.56,206,21046879.6,75167427142.8571
"703","NO","9","A","N1",14,2e-04,3571.42857142857,2020-07-14,4.8,397,18169968,64892742857.1429
"704","NO","9","A","N1",15,2e-04,3571.42857142857,2020-07-14,4.8,397,18169968,64892742857.1429
"705","NO","9","A","N2",14,0.0314991843333333,562485.43452381,2020-07-14,4.8,397,18169968,10220342345763.7
"706","NO","9","A","N2",16,0.0204356846666667,364922.940476191,2020-07-14,4.8,397,18169968,6630638150918.29
"707","NO","9","B","N1",15,0.0423187286666667,755691.583333333,2020-07-14,4.8,397,18169968,13730891887036
"708","NO","9","B","N2",16,0.0654288783333333,1168372.82738095,2020-07-14,4.8,397,18169968,21229296885581.4
