run_date,run_num,sample_date,collection_num,target,sample_id,ct,slope ,y-intercept,copy_num_uL_rxn
7-Jul-21,105,6-Jul-21,93,N2,NO_93_A,Undetermined,-3.2505,37.731,0.004
7-Jul-21,105,6-Jul-21,93,N2,NO_93_A,Undetermined,-3.2505,37.731,0.004
7-Jul-21,105,6-Jul-21,93,N2,NO_93_A,Undetermined,-3.2505,37.731,0.004
7-Jul-21,105,6-Jul-21,93,N2,MI_93_A,Undetermined,-3.2505,37.731,0.004
7-Jul-21,105,6-Jul-21,93,N2,MI_93_A,Undetermined,-3.2505,37.731,0.004
7-Jul-21,105,6-Jul-21,93,N2,MI_93_A,Undetermined,-3.2505,37.731,0.004
7-Jul-21,105,6-Jul-21,93,N2,NO_93_B,Undetermined,-3.2505,37.731,0.004
7-Jul-21,105,6-Jul-21,93,N2,NO_93_B,Undetermined,-3.2505,37.731,0.004
7-Jul-21,105,6-Jul-21,93,N2,NO_93_B,Undetermined,-3.2505,37.731,0.004
7-Jul-21,105,6-Jul-21,93,N2,MI_93_B,Undetermined,-3.2505,37.731,0.004
7-Jul-21,105,6-Jul-21,93,N2,MI_93_B,Undetermined,-3.2505,37.731,0.004
7-Jul-21,105,6-Jul-21,93,N2,MI_93_B,Undetermined,-3.2505,37.731,0.004
7-Jul-21,105,6-Jul-21,93,N2,NO_93_C,Undetermined,-3.2505,37.731,0.004
7-Jul-21,105,6-Jul-21,93,N2,NO_93_C,Undetermined,-3.2505,37.731,0.004
7-Jul-21,105,6-Jul-21,93,N2,NO_93_C,Undetermined,-3.2505,37.731,0.004
7-Jul-21,105,6-Jul-21,93,N2,MI_93_C,Undetermined,-3.2505,37.731,0.004
7-Jul-21,105,6-Jul-21,93,N2,MI_93_C,Undetermined,-3.2505,37.731,0.004
7-Jul-21,105,6-Jul-21,93,N2,MI_93_C,Undetermined,-3.2505,37.731,0.004
7-Jul-21,105,6-Jul-21,93,N2,CC_93_A,Undetermined,-3.2505,37.731,0.004
7-Jul-21,105,6-Jul-21,93,N2,CC_93_A,Undetermined,-3.2505,37.731,0.004
7-Jul-21,105,6-Jul-21,93,N2,CC_93_A,Undetermined,-3.2505,37.731,0.004
7-Jul-21,105,6-Jul-21,93,N2,CC_93_B,Undetermined,-3.2505,37.731,0.004
7-Jul-21,105,6-Jul-21,93,N2,CC_93_B,Undetermined,-3.2505,37.731,0.004
7-Jul-21,105,6-Jul-21,93,N2,CC_93_B,Undetermined,-3.2505,37.731,0.004
7-Jul-21,105,6-Jul-21,93,N2,CC_93_C,39.63,-3.2505,37.731,0.260484681
7-Jul-21,105,6-Jul-21,93,N2,CC_93_C,Undetermined,-3.2505,37.731,0.004
7-Jul-21,105,6-Jul-21,93,N2,CC_93_C,39.4,-3.2505,37.731,0.306577679
14-Jul-21,106,12-Jul-21,95,N2,NO_95_A,Undetermined,-3.2505,37.731,0.004
14-Jul-21,106,12-Jul-21,95,N2,NO_95_A,39.63042264,-3.2505,37.731,0.260406706
14-Jul-21,106,12-Jul-21,95,N2,NO_95_A,Undetermined,-3.2505,37.731,0.004
14-Jul-21,106,12-Jul-21,95,N2,MI_95_A,Undetermined,-3.2505,37.731,0.004
14-Jul-21,106,12-Jul-21,95,N2,MI_95_A,Undetermined,-3.2505,37.731,0.004
14-Jul-21,106,12-Jul-21,95,N2,MI_95_A,Undetermined,-3.2505,37.731,0.004
14-Jul-21,106,12-Jul-21,95,N2,CC_95_A,Undetermined,-3.2505,37.731,0.004
14-Jul-21,106,12-Jul-21,95,N2,CC_95_A,Undetermined,-3.2505,37.731,0.004
14-Jul-21,106,12-Jul-21,95,N2,CC_95_A,Undetermined,-3.2505,37.731,0.004
14-Jul-21,106,12-Jul-21,95,N2,NO_95_B,Undetermined,-3.2505,37.731,0.004
14-Jul-21,106,12-Jul-21,95,N2,NO_95_B,Undetermined,-3.2505,37.731,0.004
14-Jul-21,106,12-Jul-21,95,N2,NO_95_B,Undetermined,-3.2505,37.731,0.004
14-Jul-21,106,12-Jul-21,95,N2,MI_95_B,Undetermined,-3.2505,37.731,0.004
14-Jul-21,106,12-Jul-21,95,N2,MI_95_B,Undetermined,-3.2505,37.731,0.004
14-Jul-21,106,12-Jul-21,95,N2,MI_95_B,Undetermined,-3.2505,37.731,0.004
14-Jul-21,106,12-Jul-21,95,N2,CC_95_B,Undetermined,-3.2505,37.731,0.004
14-Jul-21,106,12-Jul-21,95,N2,CC_95_B,Undetermined,-3.2505,37.731,0.004
14-Jul-21,106,12-Jul-21,95,N2,CC_95_B,Undetermined,-3.2505,37.731,0.004
14-Jul-21,106,12-Jul-21,95,N2,NO_95_C,Undetermined,-3.2505,37.731,0.004
14-Jul-21,106,12-Jul-21,95,N2,NO_95_C,Undetermined,-3.2505,37.731,0.004
14-Jul-21,106,12-Jul-21,95,N2,NO_95_C,Undetermined,-3.2505,37.731,0.004
14-Jul-21,106,12-Jul-21,95,N2,MI_95_C,Undetermined,-3.2505,37.731,0.004
14-Jul-21,106,12-Jul-21,95,N2,MI_95_C,Undetermined,-3.2505,37.731,0.004
14-Jul-21,106,12-Jul-21,95,N2,MI_95_C,Undetermined,-3.2505,37.731,0.004
14-Jul-21,106,12-Jul-21,95,N2,CC_95_C,39.21428844,-3.2505,37.731,0.349682389
14-Jul-21,106,12-Jul-21,95,N2,CC_95_C,Undetermined,-3.2505,37.731,0.004
14-Jul-21,106,12-Jul-21,95,N2,CC_95_C,Undetermined,-3.2505,37.731,0.004
14-Jul-21,106,12-Jul-21,95,N2,NO_95_D,38.8174353,-3.2505,37.731,0.463194758
14-Jul-21,106,12-Jul-21,95,N2,NO_95_D,Undetermined,-3.2505,37.731,0.004
14-Jul-21,106,12-Jul-21,95,N2,NO_95_D,Undetermined,-3.2505,37.731,0.004
14-Jul-21,106,12-Jul-21,95,N2,MI_95_D,Undetermined,-3.2505,37.731,0.004
14-Jul-21,106,12-Jul-21,95,N2,MI_95_D,Undetermined,-3.2505,37.731,0.004
14-Jul-21,106,12-Jul-21,95,N2,MI_95_D,Undetermined,-3.2505,37.731,0.004
14-Jul-21,106,12-Jul-21,95,N2,CC_95_D,Undetermined,-3.2505,37.731,0.004
14-Jul-21,106,12-Jul-21,95,N2,CC_95_D,Undetermined,-3.2505,37.731,0.004
14-Jul-21,106,12-Jul-21,95,N2,CC_95_D,39.21795425,-3.2505,37.731,0.348775517
14-Jul-21,106,12-Jul-21,95,N2,NO_95_E,Undetermined,-3.2505,37.731,0.004
14-Jul-21,106,12-Jul-21,95,N2,NO_95_E,Undetermined,-3.2505,37.731,0.004
14-Jul-21,106,12-Jul-21,95,N2,NO_95_E,Undetermined,-3.2505,37.731,0.004
14-Jul-21,106,12-Jul-21,95,N2,MI_95_E,Undetermined,-3.2505,37.731,0.004
14-Jul-21,106,12-Jul-21,95,N2,MI_95_E,Undetermined,-3.2505,37.731,0.004
14-Jul-21,106,12-Jul-21,95,N2,MI_95_E,Undetermined,-3.2505,37.731,0.004
14-Jul-21,106,12-Jul-21,95,N2,CC_95_E,Undetermined,-3.2505,37.731,0.004
14-Jul-21,106,12-Jul-21,95,N2,CC_95_E,Undetermined,-3.2505,37.731,0.004
14-Jul-21,106,12-Jul-21,95,N2,CC_95_E,Undetermined,-3.2505,37.731,0.004
14-Jul-21,106,12-Jul-21,95,N2,NO_95_F,Undetermined,-3.2505,37.731,0.004
14-Jul-21,106,12-Jul-21,95,N2,NO_95_F,Undetermined,-3.2505,37.731,0.004
14-Jul-21,106,12-Jul-21,95,N2,NO_95_F,Undetermined,-3.2505,37.731,0.004
14-Jul-21,106,12-Jul-21,95,N2,MI_95_F,39.27742818,-3.2505,37.731,0.334386809
14-Jul-21,106,12-Jul-21,95,N2,MI_95_F,Undetermined,-3.2505,37.731,0.004
14-Jul-21,106,12-Jul-21,95,N2,MI_95_F,Undetermined,-3.2505,37.731,0.004
14-Jul-21,106,12-Jul-21,95,N2,CC_95_F,Undetermined,-3.2505,37.731,0.004
14-Jul-21,106,12-Jul-21,95,N2,CC_95_F,Undetermined,-3.2505,37.731,0.004
14-Jul-21,106,12-Jul-21,95,N2,CC_95_F,Undetermined,-3.2505,37.731,0.004
16-Jul-21,107,14-Jul-21,96,N2,NO_96_A,Undetermined,-3.2505,37.731,0.004
16-Jul-21,107,14-Jul-21,96,N2,NO_96_A,Undetermined,-3.2505,37.731,0.004
16-Jul-21,107,14-Jul-21,96,N2,NO_96_A,Undetermined,-3.2505,37.731,0.004
16-Jul-21,107,14-Jul-21,96,N2,MI_96_A,Undetermined,-3.2505,37.731,0.004
16-Jul-21,107,14-Jul-21,96,N2,MI_96_A,Undetermined,-3.2505,37.731,0.004
16-Jul-21,107,14-Jul-21,96,N2,MI_96_A,Undetermined,-3.2505,37.731,0.004
16-Jul-21,107,14-Jul-21,96,N2,CC_96_A,Undetermined,-3.2505,37.731,0.004
16-Jul-21,107,14-Jul-21,96,N2,CC_96_A,Undetermined,-3.2505,37.731,0.004
16-Jul-21,107,14-Jul-21,96,N2,CC_96_A,Undetermined,-3.2505,37.731,0.004
16-Jul-21,107,14-Jul-21,96,N2,NO_96_B,Undetermined,-3.2505,37.731,0.004
16-Jul-21,107,14-Jul-21,96,N2,NO_96_B,Undetermined,-3.2505,37.731,0.004
16-Jul-21,107,14-Jul-21,96,N2,NO_96_B,Undetermined,-3.2505,37.731,0.004
16-Jul-21,107,14-Jul-21,96,N2,MI_96_B,Undetermined,-3.2505,37.731,0.004
16-Jul-21,107,14-Jul-21,96,N2,MI_96_B,Undetermined,-3.2505,37.731,0.004
16-Jul-21,107,14-Jul-21,96,N2,MI_96_B,Undetermined,-3.2505,37.731,0.004
16-Jul-21,107,14-Jul-21,96,N2,CC_96_B,Undetermined,-3.2505,37.731,0.004
16-Jul-21,107,14-Jul-21,96,N2,CC_96_B,Undetermined,-3.2505,37.731,0.004
16-Jul-21,107,14-Jul-21,96,N2,CC_96_B,Undetermined,-3.2505,37.731,0.004
16-Jul-21,107,14-Jul-21,96,N2,NO_96_C,Undetermined,-3.2505,37.731,0.004
16-Jul-21,107,14-Jul-21,96,N2,NO_96_C,Undetermined,-3.2505,37.731,0.004
16-Jul-21,107,14-Jul-21,96,N2,NO_96_C,Undetermined,-3.2505,37.731,0.004
16-Jul-21,107,14-Jul-21,96,N2,MI_96_C,Undetermined,-3.2505,37.731,0.004
16-Jul-21,107,14-Jul-21,96,N2,MI_96_C,Undetermined,-3.2505,37.731,0.004
16-Jul-21,107,14-Jul-21,96,N2,MI_96_C,Undetermined,-3.2505,37.731,0.004
16-Jul-21,107,14-Jul-21,96,N2,CC_96_C,Undetermined,-3.2505,37.731,0.004
16-Jul-21,107,14-Jul-21,96,N2,CC_96_C,Undetermined,-3.2505,37.731,0.004
16-Jul-21,107,14-Jul-21,96,N2,CC_96_C,Undetermined,-3.2505,37.731,0.004
16-Jul-21,107,14-Jul-21,96,N2,NO_96_D,Undetermined,-3.2505,37.731,0.004
16-Jul-21,107,14-Jul-21,96,N2,NO_96_D,Undetermined,-3.2505,37.731,0.004
16-Jul-21,107,14-Jul-21,96,N2,NO_96_D,Undetermined,-3.2505,37.731,0.004
16-Jul-21,107,14-Jul-21,96,N2,MI_96_D,Undetermined,-3.2505,37.731,0.004
16-Jul-21,107,14-Jul-21,96,N2,MI_96_D,Undetermined,-3.2505,37.731,0.004
16-Jul-21,107,14-Jul-21,96,N2,MI_96_D,Undetermined,-3.2505,37.731,0.004
16-Jul-21,107,14-Jul-21,96,N2,CC_96_D,Undetermined,-3.2505,37.731,0.004
16-Jul-21,107,14-Jul-21,96,N2,CC_96_D,39.3026884,-3.2505,37.731,0.328456573
16-Jul-21,107,14-Jul-21,96,N2,CC_96_D,Undetermined,-3.2505,37.731,0.004
16-Jul-21,107,14-Jul-21,96,N2,NO_96_E,Undetermined,-3.2505,37.731,0.004
16-Jul-21,107,14-Jul-21,96,N2,NO_96_E,Undetermined,-3.2505,37.731,0.004
16-Jul-21,107,14-Jul-21,96,N2,NO_96_E,Undetermined,-3.2505,37.731,0.004
16-Jul-21,107,14-Jul-21,96,N2,MI_96_E,Undetermined,-3.2505,37.731,0.004
16-Jul-21,107,14-Jul-21,96,N2,MI_96_E,Undetermined,-3.2505,37.731,0.004
16-Jul-21,107,14-Jul-21,96,N2,MI_96_E,Undetermined,-3.2505,37.731,0.004
16-Jul-21,107,14-Jul-21,96,N2,CC_96_E,Undetermined,-3.2505,37.731,0.004
16-Jul-21,107,14-Jul-21,96,N2,CC_96_E,Undetermined,-3.2505,37.731,0.004
16-Jul-21,107,14-Jul-21,96,N2,CC_96_E,Undetermined,-3.2505,37.731,0.004
16-Jul-21,107,14-Jul-21,96,N2,NO_96_F,Undetermined,-3.2505,37.731,0.004
16-Jul-21,107,14-Jul-21,96,N2,NO_96_F,Undetermined,-3.2505,37.731,0.004
16-Jul-21,107,14-Jul-21,96,N2,NO_96_F,Undetermined,-3.2505,37.731,0.004
16-Jul-21,107,14-Jul-21,96,N2,MI_96_F,Undetermined,-3.2505,37.731,0.004
16-Jul-21,107,14-Jul-21,96,N2,MI_96_F,Undetermined,-3.2505,37.731,0.004
16-Jul-21,107,14-Jul-21,96,N2,MI_96_F,Undetermined,-3.2505,37.731,0.004
16-Jul-21,107,14-Jul-21,96,N2,CC_96_F,Undetermined,-3.2505,37.731,0.004
16-Jul-21,107,14-Jul-21,96,N2,CC_96_F,Undetermined,-3.2505,37.731,0.004
16-Jul-21,107,14-Jul-21,96,N2,CC_96_F,Undetermined,-3.2505,37.731,0.004
20-Jul-21,108,19-Jul-21,97,N2,NO_97_A,Undetermined,-3.2505,37.731,0.004
20-Jul-21,108,19-Jul-21,97,N2,NO_97_A,Undetermined,-3.2505,37.731,0.004
20-Jul-21,108,19-Jul-21,97,N2,NO_97_A,Undetermined,-3.2505,37.731,0.004
20-Jul-21,108,19-Jul-21,97,N2,MI_97_A,Undetermined,-3.2505,37.731,0.004
20-Jul-21,108,19-Jul-21,97,N2,MI_97_A,Undetermined,-3.2505,37.731,0.004
20-Jul-21,108,19-Jul-21,97,N2,MI_97_A,Undetermined,-3.2505,37.731,0.004
20-Jul-21,108,19-Jul-21,97,N2,CC_97_A,Undetermined,-3.2505,37.731,0.004
20-Jul-21,108,19-Jul-21,97,N2,CC_97_A,Undetermined,-3.2505,37.731,0.004
20-Jul-21,108,19-Jul-21,97,N2,CC_97_A,39.16,-3.2505,37.731,0.363902043
20-Jul-21,108,19-Jul-21,97,N2,NO_97_B,Undetermined,-3.2505,37.731,0.004
20-Jul-21,108,19-Jul-21,97,N2,NO_97_B,Undetermined,-3.2505,37.731,0.004
20-Jul-21,108,19-Jul-21,97,N2,NO_97_B,Undetermined,-3.2505,37.731,0.004
20-Jul-21,108,19-Jul-21,97,N2,MI_97_B,Undetermined,-3.2505,37.731,0.004
20-Jul-21,108,19-Jul-21,97,N2,MI_97_B,Undetermined,-3.2505,37.731,0.004
20-Jul-21,108,19-Jul-21,97,N2,MI_97_B,Undetermined,-3.2505,37.731,0.004
20-Jul-21,108,19-Jul-21,97,N2,CC_97_B,38.28,-3.2505,37.731,0.678497001
20-Jul-21,108,19-Jul-21,97,N2,CC_97_B,38.32,-3.2505,37.731,0.66051459
20-Jul-21,108,19-Jul-21,97,N2,CC_97_B,Undetermined,-3.2505,37.731,0.004
20-Jul-21,108,19-Jul-21,97,N2,NO_97_C,39.78,-3.2505,37.731,0.23405678
20-Jul-21,108,19-Jul-21,97,N2,NO_97_C,Undetermined,-3.2505,37.731,0.004
20-Jul-21,108,19-Jul-21,97,N2,NO_97_C,Undetermined,-3.2505,37.731,0.004
20-Jul-21,108,19-Jul-21,97,N2,MI_97_C,Undetermined,-3.2505,37.731,0.004
20-Jul-21,108,19-Jul-21,97,N2,MI_97_C,Undetermined,-3.2505,37.731,0.004
20-Jul-21,108,19-Jul-21,97,N2,MI_97_C,Undetermined,-3.2505,37.731,0.004
20-Jul-21,108,19-Jul-21,97,N2,CC_97_C,38.82,-3.2505,37.731,0.46104829
20-Jul-21,108,19-Jul-21,97,N2,CC_97_C,Undetermined,-3.2505,37.731,0.004
20-Jul-21,108,19-Jul-21,97,N2,CC_97_C,Undetermined,-3.2505,37.731,0.004
20-Jul-21,108,19-Jul-21,97,N2,NO_97_D,Undetermined,-3.2505,37.731,0.004
20-Jul-21,108,19-Jul-21,97,N2,NO_97_D,Undetermined,-3.2505,37.731,0.004
20-Jul-21,108,19-Jul-21,97,N2,NO_97_D,Undetermined,-3.2505,37.731,0.004
20-Jul-21,108,19-Jul-21,97,N2,MI_97_D,Undetermined,-3.2505,37.731,0.004
20-Jul-21,108,19-Jul-21,97,N2,MI_97_D,Undetermined,-3.2505,37.731,0.004
20-Jul-21,108,19-Jul-21,97,N2,MI_97_D,Undetermined,-3.2505,37.731,0.004
20-Jul-21,108,19-Jul-21,97,N2,CC_97_D,Undetermined,-3.2505,37.731,0.004
20-Jul-21,108,19-Jul-21,97,N2,CC_97_D,39.71,-3.2505,37.731,0.245681393
20-Jul-21,108,19-Jul-21,97,N2,CC_97_D,Undetermined,-3.2505,37.731,0.004
20-Jul-21,108,19-Jul-21,97,N2,NO_97_E,Undetermined,-3.2505,37.731,0.004
20-Jul-21,108,19-Jul-21,97,N2,NO_97_E,Undetermined,-3.2505,37.731,0.004
20-Jul-21,108,19-Jul-21,97,N2,NO_97_E,38.88,-3.2505,37.731,0.441963318
20-Jul-21,108,19-Jul-21,97,N2,MI_97_E,Undetermined,-3.2505,37.731,0.004
20-Jul-21,108,19-Jul-21,97,N2,MI_97_E,Undetermined,-3.2505,37.731,0.004
20-Jul-21,108,19-Jul-21,97,N2,MI_97_E,Undetermined,-3.2505,37.731,0.004
20-Jul-21,108,19-Jul-21,97,N2,CC_97_E,39.18,-3.2505,37.731,0.357809014
20-Jul-21,108,19-Jul-21,97,N2,CC_97_E,39.68,-3.2505,37.731,0.252173278
20-Jul-21,108,19-Jul-21,97,N2,CC_97_E,Undetermined,-3.2505,37.731,0.004
20-Jul-21,108,19-Jul-21,97,N2,NO_97_F,39.63,-3.2505,37.731,0.260582975
20-Jul-21,108,19-Jul-21,97,N2,NO_97_F,Undetermined,-3.2505,37.731,0.004
20-Jul-21,108,19-Jul-21,97,N2,NO_97_F,Undetermined,-3.2505,37.731,0.004
20-Jul-21,108,19-Jul-21,97,N2,MI_97_F,Undetermined,-3.2505,37.731,0.004
20-Jul-21,108,19-Jul-21,97,N2,MI_97_F,Undetermined,-3.2505,37.731,0.004
20-Jul-21,108,19-Jul-21,97,N2,MI_97_F,Undetermined,-3.2505,37.731,0.004
20-Jul-21,108,19-Jul-21,97,N2,CC_97_F,39.11,-3.2505,37.731,0.377636599
20-Jul-21,108,19-Jul-21,97,N2,CC_97_F,38.96,-3.2505,37.731,0.418742827
20-Jul-21,108,19-Jul-21,97,N2,CC_97_F,39.54,-3.2505,37.731,0.277974489
25-Jul-21,109,21-Jul-21,98,N2,NO_98_A,39.53115352,-3.2505,37.731,0.279377748
25-Jul-21,109,21-Jul-21,98,N2,NO_98_A,Undetermined,-3.2505,37.731,0.004
25-Jul-21,109,21-Jul-21,98,N2,NO_98_A,Undetermined,-3.2505,37.731,0.004
25-Jul-21,109,21-Jul-21,98,N2,MI_98_A,Undetermined,-3.2505,37.731,0.004
25-Jul-21,109,21-Jul-21,98,N2,MI_98_A,Undetermined,-3.2505,37.731,0.004
25-Jul-21,109,21-Jul-21,98,N2,MI_98_A,Undetermined,-3.2505,37.731,0.004
25-Jul-21,109,21-Jul-21,98,N2,CC_98_A,Undetermined,-3.2505,37.731,0.004
25-Jul-21,109,21-Jul-21,98,N2,CC_98_A,Undetermined,-3.2505,37.731,0.004
25-Jul-21,109,21-Jul-21,98,N2,CC_98_A,Undetermined,-3.2505,37.731,0.004
25-Jul-21,109,21-Jul-21,98,N2,NO_98_B,Undetermined,-3.2505,37.731,0.004
25-Jul-21,109,21-Jul-21,98,N2,NO_98_B,Undetermined,-3.2505,37.731,0.004
25-Jul-21,109,21-Jul-21,98,N2,NO_98_B,Undetermined,-3.2505,37.731,0.004
25-Jul-21,109,21-Jul-21,98,N2,MI_98_B,Undetermined,-3.2505,37.731,0.004
25-Jul-21,109,21-Jul-21,98,N2,MI_98_B,Undetermined,-3.2505,37.731,0.004
25-Jul-21,109,21-Jul-21,98,N2,MI_98_B,Undetermined,-3.2505,37.731,0.004
25-Jul-21,109,21-Jul-21,98,N2,CC_98_B,Undetermined,-3.2505,37.731,0.004
25-Jul-21,109,21-Jul-21,98,N2,CC_98_B,39.21494819,-3.2505,37.731,0.349519003
25-Jul-21,109,21-Jul-21,98,N2,CC_98_B,Undetermined,-3.2505,37.731,0.004
25-Jul-21,109,21-Jul-21,98,N2,NO_98_C,Undetermined,-3.2505,37.731,0.004
25-Jul-21,109,21-Jul-21,98,N2,NO_98_C,Undetermined,-3.2505,37.731,0.004
25-Jul-21,109,21-Jul-21,98,N2,NO_98_C,Undetermined,-3.2505,37.731,0.004
25-Jul-21,109,21-Jul-21,98,N2,MI_98_C,Undetermined,-3.2505,37.731,0.004
25-Jul-21,109,21-Jul-21,98,N2,MI_98_C,Undetermined,-3.2505,37.731,0.004
25-Jul-21,109,21-Jul-21,98,N2,MI_98_C,39.86292501,-3.2505,37.731,0.220863514
25-Jul-21,109,21-Jul-21,98,N2,CC_98_C,Undetermined,-3.2505,37.731,0.004
25-Jul-21,109,21-Jul-21,98,N2,CC_98_C,39.91305212,-3.2505,37.731,0.213158485
25-Jul-21,109,21-Jul-21,98,N2,CC_98_C,Undetermined,-3.2505,37.731,0.004
25-Jul-21,109,21-Jul-21,98,N2,NO_98_D,Undetermined,-3.2505,37.731,0.004
25-Jul-21,109,21-Jul-21,98,N2,NO_98_D,Undetermined,-3.2505,37.731,0.004
25-Jul-21,109,21-Jul-21,98,N2,NO_98_D,Undetermined,-3.2505,37.731,0.004
25-Jul-21,109,21-Jul-21,98,N2,MI_98_D,Undetermined,-3.2505,37.731,0.004
25-Jul-21,109,21-Jul-21,98,N2,MI_98_D,Undetermined,-3.2505,37.731,0.004
25-Jul-21,109,21-Jul-21,98,N2,MI_98_D,Undetermined,-3.2505,37.731,0.004
25-Jul-21,109,21-Jul-21,98,N2,CC_98_D,Undetermined,-3.2505,37.731,0.004
25-Jul-21,109,21-Jul-21,98,N2,CC_98_D,Undetermined,-3.2505,37.731,0.004
25-Jul-21,109,21-Jul-21,98,N2,CC_98_D,Undetermined,-3.2505,37.731,0.004
25-Jul-21,109,21-Jul-21,98,N2,NO_98_E,Undetermined,-3.2505,37.731,0.004
25-Jul-21,109,21-Jul-21,98,N2,NO_98_E,Undetermined,-3.2505,37.731,0.004
25-Jul-21,109,21-Jul-21,98,N2,NO_98_E,Undetermined,-3.2505,37.731,0.004
25-Jul-21,109,21-Jul-21,98,N2,MI_98_E,Undetermined,-3.2505,37.731,0.004
25-Jul-21,109,21-Jul-21,98,N2,MI_98_E,Undetermined,-3.2505,37.731,0.004
25-Jul-21,109,21-Jul-21,98,N2,MI_98_E,Undetermined,-3.2505,37.731,0.004
25-Jul-21,109,21-Jul-21,98,N2,CC_98_E,Undetermined,-3.2505,37.731,0.004
25-Jul-21,109,21-Jul-21,98,N2,CC_98_E,Undetermined,-3.2505,37.731,0.004
25-Jul-21,109,21-Jul-21,98,N2,CC_98_E,39.31767907,-3.2505,37.731,0.324987122
25-Jul-21,109,21-Jul-21,98,N2,NO_98_F,Undetermined,-3.2505,37.731,0.004
25-Jul-21,109,21-Jul-21,98,N2,NO_98_F,Undetermined,-3.2505,37.731,0.004
25-Jul-21,109,21-Jul-21,98,N2,NO_98_F,Undetermined,-3.2505,37.731,0.004
25-Jul-21,109,21-Jul-21,98,N2,MI_98_F,Undetermined,-3.2505,37.731,0.004
25-Jul-21,109,21-Jul-21,98,N2,MI_98_F,Undetermined,-3.2505,37.731,0.004
25-Jul-21,109,21-Jul-21,98,N2,MI_98_F,39.99037417,-3.2505,37.731,0.201797083
25-Jul-21,109,21-Jul-21,98,N2,CC_98_F,Undetermined,-3.2505,37.731,0.004
25-Jul-21,109,21-Jul-21,98,N2,CC_98_F,39.30245985,-3.2505,37.731,0.328509755
25-Jul-21,109,21-Jul-21,98,N2,CC_98_F,37.19355054,-3.2505,37.731,1.463334556
25-Jul-21,109,21-Jul-21,98,N2,MI_98_D,Undetermined,-3.2505,37.731,0.004
25-Jul-21,109,21-Jul-21,98,N2,MI_98_D,38.90084899,-3.2505,37.731,0.4366182
25-Jul-21,109,21-Jul-21,98,N2,MI_98_D,Undetermined,-3.2505,37.731,0.004
28-Jul-21,110,26-Jul-21,99,N2,NO_99_A,Undetermined,-3.2505,37.731,0.004
28-Jul-21,110,26-Jul-21,99,N2,NO_99_A,Undetermined,-3.2505,37.731,0.004
28-Jul-21,110,26-Jul-21,99,N2,NO_99_A,Undetermined,-3.2505,37.731,0.004
28-Jul-21,110,26-Jul-21,99,N2,MI_99_A,Undetermined,-3.2505,37.731,0.004
28-Jul-21,110,26-Jul-21,99,N2,MI_99_A,Undetermined,-3.2505,37.731,0.004
28-Jul-21,110,26-Jul-21,99,N2,MI_99_A,Undetermined,-3.2505,37.731,0.004
28-Jul-21,110,26-Jul-21,99,N2,CC_99_A,Undetermined,-3.2505,37.731,0.004
28-Jul-21,110,26-Jul-21,99,N2,CC_99_A,Undetermined,-3.2505,37.731,0.004
28-Jul-21,110,26-Jul-21,99,N2,CC_99_A,Undetermined,-3.2505,37.731,0.004
28-Jul-21,110,26-Jul-21,99,N2,NO_99_B,Undetermined,-3.2505,37.731,0.004
28-Jul-21,110,26-Jul-21,99,N2,NO_99_B,Undetermined,-3.2505,37.731,0.004
28-Jul-21,110,26-Jul-21,99,N2,NO_99_B,Undetermined,-3.2505,37.731,0.004
28-Jul-21,110,26-Jul-21,99,N2,MI_99_B,Undetermined,-3.2505,37.731,0.004
28-Jul-21,110,26-Jul-21,99,N2,MI_99_B,38.8,-3.2505,37.731,0.470162751
28-Jul-21,110,26-Jul-21,99,N2,MI_99_B,Undetermined,-3.2505,37.731,0.004
28-Jul-21,110,26-Jul-21,99,N2,CC_99_B,Undetermined,-3.2505,37.731,0.004
28-Jul-21,110,26-Jul-21,99,N2,CC_99_B,38.87,-3.2505,37.731,0.444714129
28-Jul-21,110,26-Jul-21,99,N2,CC_99_B,39.11,-3.2505,37.731,0.377432442
28-Jul-21,110,26-Jul-21,99,N2,NO_99_C,Undetermined,-3.2505,37.731,0.004
28-Jul-21,110,26-Jul-21,99,N2,NO_99_C,Undetermined,-3.2505,37.731,0.004
28-Jul-21,110,26-Jul-21,99,N2,NO_99_C,Undetermined,-3.2505,37.731,0.004
28-Jul-21,110,26-Jul-21,99,N2,MI_99_C,39.74,-3.2505,37.731,0.241796665
28-Jul-21,110,26-Jul-21,99,N2,MI_99_C,39.61,-3.2505,37.731,0.263878
28-Jul-21,110,26-Jul-21,99,N2,MI_99_C,Undetermined,-3.2505,37.731,0.004
28-Jul-21,110,26-Jul-21,99,N2,CC_99_C,Undetermined,-3.2505,37.731,0.004
28-Jul-21,110,26-Jul-21,99,N2,CC_99_C,Undetermined,-3.2505,37.731,0.004
28-Jul-21,110,26-Jul-21,99,N2,CC_99_C,Undetermined,-3.2505,37.731,0.004
28-Jul-21,110,26-Jul-21,99,N2,NO_99_D,Undetermined,-3.2505,37.731,0.004
28-Jul-21,110,26-Jul-21,99,N2,NO_99_D,38.3,-3.2505,37.731,0.670163855
28-Jul-21,110,26-Jul-21,99,N2,NO_99_D,Undetermined,-3.2505,37.731,0.004
28-Jul-21,110,26-Jul-21,99,N2,MI_99_D,39.83,-3.2505,37.731,0.225696216
28-Jul-21,110,26-Jul-21,99,N2,MI_99_D,Undetermined,-3.2505,37.731,0.004
28-Jul-21,110,26-Jul-21,99,N2,MI_99_D,Undetermined,-3.2505,37.731,0.004
28-Jul-21,110,26-Jul-21,99,N2,CC_99_D,Undetermined,-3.2505,37.731,0.004
28-Jul-21,110,26-Jul-21,99,N2,CC_99_D,Undetermined,-3.2505,37.731,0.004
28-Jul-21,110,26-Jul-21,99,N2,CC_99_D,Undetermined,-3.2505,37.731,0.004
28-Jul-21,110,26-Jul-21,99,N2,NO_99_E,Undetermined,-3.2505,37.731,0.004
28-Jul-21,110,26-Jul-21,99,N2,NO_99_E,Undetermined,-3.2505,37.731,0.004
28-Jul-21,110,26-Jul-21,99,N2,NO_99_E,Undetermined,-3.2505,37.731,0.004
28-Jul-21,110,26-Jul-21,99,N2,MI_99_E,38.3,-3.2505,37.731,0.667554323
28-Jul-21,110,26-Jul-21,99,N2,MI_99_E,38.37,-3.2505,37.731,0.636111842
28-Jul-21,110,26-Jul-21,99,N2,MI_99_E,39.44,-3.2505,37.731,0.297412097
28-Jul-21,110,26-Jul-21,99,N2,CC_99_E,Undetermined,-3.2505,37.731,0.004
28-Jul-21,110,26-Jul-21,99,N2,CC_99_E,Undetermined,-3.2505,37.731,0.004
28-Jul-21,110,26-Jul-21,99,N2,CC_99_E,Undetermined,-3.2505,37.731,0.004
28-Jul-21,110,26-Jul-21,99,N2,NO_99_F,Undetermined,-3.2505,37.731,0.004
28-Jul-21,110,26-Jul-21,99,N2,NO_99_F,Undetermined,-3.2505,37.731,0.004
28-Jul-21,110,26-Jul-21,99,N2,NO_99_F,Undetermined,-3.2505,37.731,0.004
28-Jul-21,110,26-Jul-21,99,N2,MI_99_F,38.29,-3.2505,37.731,0.675337651
28-Jul-21,110,26-Jul-21,99,N2,MI_99_F,39.76,-3.2505,37.731,0.238146768
28-Jul-21,110,26-Jul-21,99,N2,MI_99_F,Undetermined,-3.2505,37.731,0.004
28-Jul-21,110,26-Jul-21,99,N2,CC_99_F,Undetermined,-3.2505,37.731,0.004
28-Jul-21,110,26-Jul-21,99,N2,CC_99_F,Undetermined,-3.2505,37.731,0.004
28-Jul-21,110,26-Jul-21,99,N2,CC_99_F,39.62,-3.2505,37.731,0.261886226
29-Jul-21,111,28-Jul-21,100,N2,NO_100_A,Undetermined,-3.2505,37.731,0.004
29-Jul-21,111,28-Jul-21,100,N2,NO_100_A,Undetermined,-3.2505,37.731,0.004
29-Jul-21,111,28-Jul-21,100,N2,NO_100_A,Undetermined,-3.2505,37.731,0.004
29-Jul-21,111,28-Jul-21,100,N2,MI_100_A,Undetermined,-3.2505,37.731,0.004
29-Jul-21,111,28-Jul-21,100,N2,MI_100_A,37.98,-3.2505,37.731,0.839399914
29-Jul-21,111,28-Jul-21,100,N2,MI_100_A,39.76,-3.2505,37.731,0.237989112
29-Jul-21,111,28-Jul-21,100,N2,CC_100_A,Undetermined,-3.2505,37.731,0.004
29-Jul-21,111,28-Jul-21,100,N2,CC_100_A,Undetermined,-3.2505,37.731,0.004
29-Jul-21,111,28-Jul-21,100,N2,CC_100_A,Undetermined,-3.2505,37.731,0.004
29-Jul-21,111,28-Jul-21,100,N2,NO_100_B,Undetermined,-3.2505,37.731,0.004
29-Jul-21,111,28-Jul-21,100,N2,NO_100_B,Undetermined,-3.2505,37.731,0.004
29-Jul-21,111,28-Jul-21,100,N2,NO_100_B,38.58,-3.2505,37.731,0.547666849
29-Jul-21,111,28-Jul-21,100,N2,MI_100_B,37.97,-3.2505,37.731,0.842045705
29-Jul-21,111,28-Jul-21,100,N2,MI_100_B,39.27,-3.2505,37.731,0.336682196
29-Jul-21,111,28-Jul-21,100,N2,MI_100_B,Undetermined,-3.2505,37.731,0.004
29-Jul-21,111,28-Jul-21,100,N2,CC_100_B,39.85,-3.2505,37.731,0.222736851
29-Jul-21,111,28-Jul-21,100,N2,CC_100_B,39.78,-3.2505,37.731,0.233553623
29-Jul-21,111,28-Jul-21,100,N2,CC_100_B,39.03,-3.2505,37.731,0.398071252
29-Jul-21,111,28-Jul-21,100,N2,NO_100_C,Undetermined,-3.2505,37.731,0.004
29-Jul-21,111,28-Jul-21,100,N2,NO_100_C,Undetermined,-3.2505,37.731,0.004
29-Jul-21,111,28-Jul-21,100,N2,NO_100_C,39.01,-3.2505,37.731,0.404215103
29-Jul-21,111,28-Jul-21,100,N2,MI_100_C,Undetermined,-3.2505,37.731,0.004
29-Jul-21,111,28-Jul-21,100,N2,MI_100_C,Undetermined,-3.2505,37.731,0.004
29-Jul-21,111,28-Jul-21,100,N2,MI_100_C,Undetermined,-3.2505,37.731,0.004
29-Jul-21,111,28-Jul-21,100,N2,CC_100_C,Undetermined,-3.2505,37.731,0.004
29-Jul-21,111,28-Jul-21,100,N2,CC_100_C,Undetermined,-3.2505,37.731,0.004
29-Jul-21,111,28-Jul-21,100,N2,CC_100_C,Undetermined,-3.2505,37.731,0.004
29-Jul-21,111,28-Jul-21,100,N2,NO_100_D,39.64,-3.2505,37.731,0.25908288
29-Jul-21,111,28-Jul-21,100,N2,NO_100_D,Undetermined,-3.2505,37.731,0.004
29-Jul-21,111,28-Jul-21,100,N2,NO_100_D,37.49,-3.2505,37.731,1.190213057
29-Jul-21,111,28-Jul-21,100,N2,MI_100_D,37.22,-3.2505,37.731,1.432712187
29-Jul-21,111,28-Jul-21,100,N2,MI_100_D,37.05,-3.2505,37.731,1.619441338
29-Jul-21,111,28-Jul-21,100,N2,MI_100_D,37.98,-3.2505,37.731,0.839271344
29-Jul-21,111,28-Jul-21,100,N2,CC_100_D,Undetermined,-3.2505,37.731,0.004
29-Jul-21,111,28-Jul-21,100,N2,CC_100_D,Undetermined,-3.2505,37.731,0.004
29-Jul-21,111,28-Jul-21,100,N2,CC_100_D,Undetermined,-3.2505,37.731,0.004
29-Jul-21,111,28-Jul-21,100,N2,NO_100_E,Undetermined,-3.2505,37.731,0.004
29-Jul-21,111,28-Jul-21,100,N2,NO_100_E,Undetermined,-3.2505,37.731,0.004
29-Jul-21,111,28-Jul-21,100,N2,NO_100_E,Undetermined,-3.2505,37.731,0.004
29-Jul-21,111,28-Jul-21,100,N2,MI_100_E,Undetermined,-3.2505,37.731,0.004
29-Jul-21,111,28-Jul-21,100,N2,MI_100_E,Undetermined,-3.2505,37.731,0.004
29-Jul-21,111,28-Jul-21,100,N2,MI_100_E,39.36,-3.2505,37.731,0.31519023
29-Jul-21,111,28-Jul-21,100,N2,CC_100_E,Undetermined,-3.2505,37.731,0.004
29-Jul-21,111,28-Jul-21,100,N2,CC_100_E,Undetermined,-3.2505,37.731,0.004
29-Jul-21,111,28-Jul-21,100,N2,CC_100_E,Undetermined,-3.2505,37.731,0.004
29-Jul-21,111,28-Jul-21,100,N2,NO_100_F,Undetermined,-3.2505,37.731,0.004
29-Jul-21,111,28-Jul-21,100,N2,NO_100_F,Undetermined,-3.2505,37.731,0.004
29-Jul-21,111,28-Jul-21,100,N2,NO_100_F,39.07,-3.2505,37.731,0.388665299
29-Jul-21,111,28-Jul-21,100,N2,MI_100_F,39.06,-3.2505,37.731,0.391366792
29-Jul-21,111,28-Jul-21,100,N2,MI_100_F,39.22,-3.2505,37.731,0.348561305
29-Jul-21,111,28-Jul-21,100,N2,MI_100_F,Undetermined,-3.2505,37.731,0.004
29-Jul-21,111,28-Jul-21,100,N2,CC_100_F,Undetermined,-3.2505,37.731,0.004
29-Jul-21,111,28-Jul-21,100,N2,CC_100_F,Undetermined,-3.2505,37.731,0.004
29-Jul-21,111,28-Jul-21,100,N2,CC_100_F,39.71,-3.2505,37.731,0.245709138
4-Aug-21,112,2-Aug-21,101,N2,NO_101_A,Undetermined,-3.2505,37.731,0.004
4-Aug-21,112,2-Aug-21,101,N2,NO_101_A,Undetermined,-3.2505,37.731,0.004
4-Aug-21,112,2-Aug-21,101,N2,NO_101_A,Undetermined,-3.2505,37.731,0.004
4-Aug-21,112,2-Aug-21,101,N2,MI_101_A,38.47,-3.2505,37.731,0.592154796
4-Aug-21,112,2-Aug-21,101,N2,MI_101_A,38.55,-3.2505,37.731,0.559265281
4-Aug-21,112,2-Aug-21,101,N2,MI_101_A,38.44,-3.2505,37.731,0.604768421
4-Aug-21,112,2-Aug-21,101,N2,CC_101_A,Undetermined,-3.2505,37.731,0.004
4-Aug-21,112,2-Aug-21,101,N2,CC_101_A,Undetermined,-3.2505,37.731,0.004
4-Aug-21,112,2-Aug-21,101,N2,CC_101_A,Undetermined,-3.2505,37.731,0.004
4-Aug-21,112,2-Aug-21,101,N2,NO_101_B,Undetermined,-3.2505,37.731,0.004
4-Aug-21,112,2-Aug-21,101,N2,NO_101_B,Undetermined,-3.2505,37.731,0.004
4-Aug-21,112,2-Aug-21,101,N2,NO_101_B,Undetermined,-3.2505,37.731,0.004
4-Aug-21,112,2-Aug-21,101,N2,MI_101_B,Undetermined,-3.2505,37.731,0.004
4-Aug-21,112,2-Aug-21,101,N2,MI_101_B,Undetermined,-3.2505,37.731,0.004
4-Aug-21,112,2-Aug-21,101,N2,MI_101_B,Undetermined,-3.2505,37.731,0.004
4-Aug-21,112,2-Aug-21,101,N2,CC_101_B,Undetermined,-3.2505,37.731,0.004
4-Aug-21,112,2-Aug-21,101,N2,CC_101_B,Undetermined,-3.2505,37.731,0.004
4-Aug-21,112,2-Aug-21,101,N2,CC_101_B,Undetermined,-3.2505,37.731,0.004
4-Aug-21,112,2-Aug-21,101,N2,NO_101_C,Undetermined,-3.2505,37.731,0.004
4-Aug-21,112,2-Aug-21,101,N2,NO_101_C,Undetermined,-3.2505,37.731,0.004
4-Aug-21,112,2-Aug-21,101,N2,NO_101_C,Undetermined,-3.2505,37.731,0.004
4-Aug-21,112,2-Aug-21,101,N2,MI_101_C,Undetermined,-3.2505,37.731,0.004
4-Aug-21,112,2-Aug-21,101,N2,MI_101_C,Undetermined,-3.2505,37.731,0.004
4-Aug-21,112,2-Aug-21,101,N2,MI_101_C,Undetermined,-3.2505,37.731,0.004
4-Aug-21,112,2-Aug-21,101,N2,CC_101_C,37.3,-3.2505,37.731,1.356009563
4-Aug-21,112,2-Aug-21,101,N2,CC_101_C,37.42,-3.2505,37.731,1.244542413
4-Aug-21,112,2-Aug-21,101,N2,CC_101_C,Undetermined,-3.2505,37.731,0.004
4-Aug-21,112,2-Aug-21,101,N2,NO_101_D,Undetermined,-3.2505,37.731,0.004
4-Aug-21,112,2-Aug-21,101,N2,NO_101_D,Undetermined,-3.2505,37.731,0.004
4-Aug-21,112,2-Aug-21,101,N2,NO_101_D,Undetermined,-3.2505,37.731,0.004
4-Aug-21,112,2-Aug-21,101,N2,MI_101_D,37.19,-3.2505,37.731,1.470444963
4-Aug-21,112,2-Aug-21,101,N2,MI_101_D,37.21,-3.2505,37.731,1.443224226
4-Aug-21,112,2-Aug-21,101,N2,MI_101_D,38.04,-3.2505,37.731,0.802505463
4-Aug-21,112,2-Aug-21,101,N2,CC_101_D,Undetermined,-3.2505,37.731,0.004
4-Aug-21,112,2-Aug-21,101,N2,CC_101_D,Undetermined,-3.2505,37.731,0.004
4-Aug-21,112,2-Aug-21,101,N2,CC_101_D,Undetermined,-3.2505,37.731,0.004
4-Aug-21,112,2-Aug-21,101,N2,NO_101_E,39.73,-3.2505,37.731,0.24210681
4-Aug-21,112,2-Aug-21,101,N2,NO_101_E,38.77,-3.2505,37.731,0.477375242
4-Aug-21,112,2-Aug-21,101,N2,NO_101_E,38.27,-3.2505,37.731,0.684164067
4-Aug-21,112,2-Aug-21,101,N2,MI_101_E,36.7,-3.2505,37.731,2.071145929
4-Aug-21,112,2-Aug-21,101,N2,MI_101_E,35.8,-3.2505,37.731,3.913404475
4-Aug-21,112,2-Aug-21,101,N2,MI_101_E,35.71,-3.2505,37.731,4.180047165
4-Aug-21,112,2-Aug-21,101,N2,CC_101_E,38.59,-3.2505,37.731,0.544951454
4-Aug-21,112,2-Aug-21,101,N2,CC_101_E,38.1,-3.2505,37.731,0.767827217
4-Aug-21,112,2-Aug-21,101,N2,CC_101_E,Undetermined,-3.2505,37.731,0.004
4-Aug-21,112,2-Aug-21,101,N2,NO_101_F,Undetermined,-3.2505,37.731,0.004
4-Aug-21,112,2-Aug-21,101,N2,NO_101_F,Undetermined,-3.2505,37.731,0.004
4-Aug-21,112,2-Aug-21,101,N2,NO_101_F,Undetermined,-3.2505,37.731,0.004
4-Aug-21,112,2-Aug-21,101,N2,MI_101_F,36.93,-3.2505,37.731,1.759392222
4-Aug-21,112,2-Aug-21,101,N2,MI_101_F,37.62,-3.2505,37.731,1.083696309
4-Aug-21,112,2-Aug-21,101,N2,MI_101_F,38.22,-3.2505,37.731,0.708084102
4-Aug-21,112,2-Aug-21,101,N2,CC_101_F,39.38,-3.2505,37.731,0.311794402
4-Aug-21,112,2-Aug-21,101,N2,CC_101_F,Undetermined,-3.2505,37.731,0.004
4-Aug-21,112,2-Aug-21,101,N2,CC_101_F,38.63,-3.2505,37.731,0.52774925
6-Aug-21,113,4-Aug-21,102,N2,NO_102_A,39.91,-3.2505,37.731,0.213781617
6-Aug-21,113,4-Aug-21,102,N2,NO_102_A,39.5,-3.2505,37.731,0.286188599
6-Aug-21,113,4-Aug-21,102,N2,NO_102_A,39.23,-3.2505,37.731,0.345570053
6-Aug-21,113,4-Aug-21,102,N2,MI_102_A,38.72,-3.2505,37.731,0.496498115
6-Aug-21,113,4-Aug-21,102,N2,MI_102_A,37.83,-3.2505,37.731,0.934268763
6-Aug-21,113,4-Aug-21,102,N2,MI_102_A,38.44,-3.2505,37.731,0.603088399
6-Aug-21,113,4-Aug-21,102,N2,CC_102_A,Undetermined,-3.2505,37.731,0.004
6-Aug-21,113,4-Aug-21,102,N2,CC_102_A,39.53,-3.2505,37.731,0.27999228
6-Aug-21,113,4-Aug-21,102,N2,CC_102_A,Undetermined,-3.2505,37.731,0.004
6-Aug-21,113,4-Aug-21,102,N2,NO_102_B,39.03,-3.2505,37.731,0.398409861
6-Aug-21,113,4-Aug-21,102,N2,NO_102_B,Undetermined,-3.2505,37.731,0.004
6-Aug-21,113,4-Aug-21,102,N2,NO_102_B,Undetermined,-3.2505,37.731,0.004
6-Aug-21,113,4-Aug-21,102,N2,MI_102_B,38.71,-3.2505,37.731,0.499882264
6-Aug-21,113,4-Aug-21,102,N2,MI_102_B,37.7,-3.2505,37.731,1.022848928
6-Aug-21,113,4-Aug-21,102,N2,MI_102_B,38.29,-3.2505,37.731,0.674726919
6-Aug-21,113,4-Aug-21,102,N2,CC_102_B,38.71,-3.2505,37.731,0.499483655
6-Aug-21,113,4-Aug-21,102,N2,CC_102_B,Undetermined,-3.2505,37.731,0.004
6-Aug-21,113,4-Aug-21,102,N2,CC_102_B,39.78,-3.2505,37.731,0.234732715
6-Aug-21,113,4-Aug-21,102,N2,NO_102_C,38.3,-3.2505,37.731,0.669789818
6-Aug-21,113,4-Aug-21,102,N2,NO_102_C,39.04,-3.2505,37.731,0.394945695
6-Aug-21,113,4-Aug-21,102,N2,NO_102_C,39.84,-3.2505,37.731,0.22396408
6-Aug-21,113,4-Aug-21,102,N2,MI_102_C,38.05,-3.2505,37.731,0.799703884
6-Aug-21,113,4-Aug-21,102,N2,MI_102_C,38.33,-3.2505,37.731,0.655807247
6-Aug-21,113,4-Aug-21,102,N2,MI_102_C,38.74,-3.2505,37.731,0.490596496
6-Aug-21,113,4-Aug-21,102,N2,CC_102_C,Undetermined,-3.2505,37.731,0.004
6-Aug-21,113,4-Aug-21,102,N2,CC_102_C,39.13,-3.2505,37.731,0.369902953
6-Aug-21,113,4-Aug-21,102,N2,CC_102_C,39.83,-3.2505,37.731,0.226144932
6-Aug-21,113,4-Aug-21,102,N2,NO_102_D,39.14,-3.2505,37.731,0.369744027
6-Aug-21,113,4-Aug-21,102,N2,NO_102_D,Undetermined,-3.2505,37.731,0.004
6-Aug-21,113,4-Aug-21,102,N2,NO_102_D,38.56,-3.2505,37.731,0.557416356
6-Aug-21,113,4-Aug-21,102,N2,MI_102_D,38.6,-3.2505,37.731,0.540295002
6-Aug-21,113,4-Aug-21,102,N2,MI_102_D,38.68,-3.2505,37.731,0.510195369
6-Aug-21,113,4-Aug-21,102,N2,MI_102_D,39.41,-3.2505,37.731,0.30478439
6-Aug-21,113,4-Aug-21,102,N2,CC_102_D,Undetermined,-3.2505,37.731,0.004
6-Aug-21,113,4-Aug-21,102,N2,CC_102_D,Undetermined,-3.2505,37.731,0.004
6-Aug-21,113,4-Aug-21,102,N2,CC_102_D,Undetermined,-3.2505,37.731,0.004
6-Aug-21,113,4-Aug-21,102,N2,NO_102_E,39.2,-3.2505,37.731,0.353100025
6-Aug-21,113,4-Aug-21,102,N2,NO_102_E,38.64,-3.2505,37.731,0.526276011
6-Aug-21,113,4-Aug-21,102,N2,NO_102_E,39.51,-3.2505,37.731,0.282888472
6-Aug-21,113,4-Aug-21,102,N2,MI_102_E,37.33,-3.2505,37.731,1.324669591
6-Aug-21,113,4-Aug-21,102,N2,MI_102_E,39.04,-3.2505,37.731,0.394309544
6-Aug-21,113,4-Aug-21,102,N2,MI_102_E,38.17,-3.2505,37.731,0.734925807
6-Aug-21,113,4-Aug-21,102,N2,CC_102_E,39.64,-3.2505,37.731,0.258806405
6-Aug-21,113,4-Aug-21,102,N2,CC_102_E,39.5,-3.2505,37.731,0.286392868
6-Aug-21,113,4-Aug-21,102,N2,CC_102_E,Undetermined,-3.2505,37.731,0.004
6-Aug-21,113,4-Aug-21,102,N2,NO_102_F,Undetermined,-3.2505,37.731,0.004
6-Aug-21,113,4-Aug-21,102,N2,NO_102_F,39.87,-3.2505,37.731,0.219907564
6-Aug-21,113,4-Aug-21,102,N2,NO_102_F,Undetermined,-3.2505,37.731,0.004
6-Aug-21,113,4-Aug-21,102,N2,MI_102_F,38.23,-3.2505,37.731,0.703867688
6-Aug-21,113,4-Aug-21,102,N2,MI_102_F,38.4,-3.2505,37.731,0.62377226
6-Aug-21,113,4-Aug-21,102,N2,MI_102_F,38.07,-3.2505,37.731,0.784271552
6-Aug-21,113,4-Aug-21,102,N2,CC_102_F,39,-3.2505,37.731,0.405696298
6-Aug-21,113,4-Aug-21,102,N2,CC_102_F,Undetermined,-3.2505,37.731,0.004
6-Aug-21,113,4-Aug-21,102,N2,CC_102_F,Undetermined,-3.2505,37.731,0.004
10-Aug-21,114,9-Aug-21,103,N2,NO_103_A,Undetermined,-3.2505,37.731,0.004
10-Aug-21,114,9-Aug-21,103,N2,NO_103_A,Undetermined,-3.2505,37.731,0.004
10-Aug-21,114,9-Aug-21,103,N2,NO_103_A,39.46,-3.2505,37.731,0.294776139
10-Aug-21,114,9-Aug-21,103,N2,MI_103_A,39.64,-3.2505,37.731,0.258186829
10-Aug-21,114,9-Aug-21,103,N2,MI_103_A,Undetermined,-3.2505,37.731,0.004
10-Aug-21,114,9-Aug-21,103,N2,MI_103_A,Undetermined,-3.2505,37.731,0.004
10-Aug-21,114,9-Aug-21,103,N2,CC_103_A,39.16,-3.2505,37.731,0.363710686
10-Aug-21,114,9-Aug-21,103,N2,CC_103_A,37.27,-3.2505,37.731,1.384805103
10-Aug-21,114,9-Aug-21,103,N2,CC_103_A,37.99,-3.2505,37.731,0.831366106
10-Aug-21,114,9-Aug-21,103,N2,NO_103_B,Undetermined,-3.2505,37.731,0.004
10-Aug-21,114,9-Aug-21,103,N2,NO_103_B,39.04,-3.2505,37.731,0.395940812
10-Aug-21,114,9-Aug-21,103,N2,NO_103_B,39.97,-3.2505,37.731,0.204436913
10-Aug-21,114,9-Aug-21,103,N2,MI_103_B,39.52,-3.2505,37.731,0.281302054
10-Aug-21,114,9-Aug-21,103,N2,MI_103_B,39.9,-3.2505,37.731,0.215475686
10-Aug-21,114,9-Aug-21,103,N2,MI_103_B,Undetermined,-3.2505,37.731,0.004
10-Aug-21,114,9-Aug-21,103,N2,CC_103_B,37.18,-3.2505,37.731,1.474538458
10-Aug-21,114,9-Aug-21,103,N2,CC_103_B,37.06,-3.2505,37.731,1.605594565
10-Aug-21,114,9-Aug-21,103,N2,CC_103_B,37.07,-3.2505,37.731,1.600214641
10-Aug-21,114,9-Aug-21,103,N2,NO_103_C,Undetermined,-3.2505,37.731,0.004
10-Aug-21,114,9-Aug-21,103,N2,NO_103_C,38.25,-3.2505,37.731,0.690901119
10-Aug-21,114,9-Aug-21,103,N2,NO_103_C,39.24,-3.2505,37.731,0.344206633
10-Aug-21,114,9-Aug-21,103,N2,MI_103_C,Undetermined,-3.2505,37.731,0.004
10-Aug-21,114,9-Aug-21,103,N2,MI_103_C,Undetermined,-3.2505,37.731,0.004
10-Aug-21,114,9-Aug-21,103,N2,MI_103_C,Undetermined,-3.2505,37.731,0.004
10-Aug-21,114,9-Aug-21,103,N2,CC_103_C,37.3,-3.2505,37.731,1.356034334
10-Aug-21,114,9-Aug-21,103,N2,CC_103_C,37.37,-3.2505,37.731,1.288644698
10-Aug-21,114,9-Aug-21,103,N2,CC_103_C,37.3,-3.2505,37.731,1.353884766
10-Aug-21,114,9-Aug-21,103,N2,NO_103_D,39.9,-3.2505,37.731,0.214895416
10-Aug-21,114,9-Aug-21,103,N2,NO_103_D,Undetermined,-3.2505,37.731,0.004
10-Aug-21,114,9-Aug-21,103,N2,NO_103_D,39.68,-3.2505,37.731,0.251024908
10-Aug-21,114,9-Aug-21,103,N2,MI_103_D,39.29,-3.2505,37.731,0.331327339
10-Aug-21,114,9-Aug-21,103,N2,MI_103_D,39.33,-3.2505,37.731,0.322373948
10-Aug-21,114,9-Aug-21,103,N2,MI_103_D,39.12,-3.2505,37.731,0.37407398
10-Aug-21,114,9-Aug-21,103,N2,CC_103_D,37.37,-3.2505,37.731,1.293503004
10-Aug-21,114,9-Aug-21,103,N2,CC_103_D,37.31,-3.2505,37.731,1.348324116
10-Aug-21,114,9-Aug-21,103,N2,CC_103_D,38.11,-3.2505,37.731,0.763905041
10-Aug-21,114,9-Aug-21,103,N2,NO_103_E,38.64,-3.2505,37.731,0.525274949
10-Aug-21,114,9-Aug-21,103,N2,NO_103_E,Undetermined,-3.2505,37.731,0.004
10-Aug-21,114,9-Aug-21,103,N2,NO_103_E,38.32,-3.2505,37.731,0.657307291
10-Aug-21,114,9-Aug-21,103,N2,MI_103_E,38.58,-3.2505,37.731,0.549648194
10-Aug-21,114,9-Aug-21,103,N2,MI_103_E,Undetermined,-3.2505,37.731,0.004
10-Aug-21,114,9-Aug-21,103,N2,MI_103_E,Undetermined,-3.2505,37.731,0.004
10-Aug-21,114,9-Aug-21,103,N2,CC_103_E,Undetermined,-3.2505,37.731,0.004
10-Aug-21,114,9-Aug-21,103,N2,CC_103_E,Undetermined,-3.2505,37.731,0.004
10-Aug-21,114,9-Aug-21,103,N2,CC_103_E,Undetermined,-3.2505,37.731,0.004
10-Aug-21,114,9-Aug-21,103,N2,NO_103_F,Undetermined,-3.2505,37.731,0.004
10-Aug-21,114,9-Aug-21,103,N2,NO_103_F,38.57,-3.2505,37.731,0.550981896
10-Aug-21,114,9-Aug-21,103,N2,NO_103_F,Undetermined,-3.2505,37.731,0.004
10-Aug-21,114,9-Aug-21,103,N2,MI_103_F,38.28,-3.2505,37.731,0.675742286
10-Aug-21,114,9-Aug-21,103,N2,MI_103_F,39.28,-3.2505,37.731,0.33355156
10-Aug-21,114,9-Aug-21,103,N2,MI_103_F,38.36,-3.2505,37.731,0.63833341
10-Aug-21,114,9-Aug-21,103,N2,CC_103_F,37.64,-3.2505,37.731,1.065055205
10-Aug-21,114,9-Aug-21,103,N2,CC_103_F,37.12,-3.2505,37.731,1.540651611
10-Aug-21,114,9-Aug-21,103,N2,CC_103_F,38.07,-3.2505,37.731,0.788921429
12-Aug-21,115,11-Aug-21,104,N2,NO_104_A,Undetermined,-3.2505,37.731,0.004
12-Aug-21,115,11-Aug-21,104,N2,NO_104_A,Undetermined,-3.2505,37.731,0.004
12-Aug-21,115,11-Aug-21,104,N2,NO_104_A,Undetermined,-3.2505,37.731,0.004
12-Aug-21,115,11-Aug-21,104,N2,MI_104_A,39.39,-3.2505,37.731,0.308515742
12-Aug-21,115,11-Aug-21,104,N2,MI_104_A,38.37,-3.2505,37.731,0.636574246
12-Aug-21,115,11-Aug-21,104,N2,MI_104_A,37.62,-3.2505,37.731,1.079244872
12-Aug-21,115,11-Aug-21,104,N2,CC_104_A,39.09,-3.2505,37.731,0.380682321
12-Aug-21,115,11-Aug-21,104,N2,CC_104_A,38.73,-3.2505,37.731,0.492938195
12-Aug-21,115,11-Aug-21,104,N2,CC_104_A,38.89,-3.2505,37.731,0.441506962
12-Aug-21,115,11-Aug-21,104,N2,NO_104_B,Undetermined,-3.2505,37.731,0.004
12-Aug-21,115,11-Aug-21,104,N2,NO_104_B,Undetermined,-3.2505,37.731,0.004
12-Aug-21,115,11-Aug-21,104,N2,NO_104_B,Undetermined,-3.2505,37.731,0.004
12-Aug-21,115,11-Aug-21,104,N2,MI_104_B,38.4,-3.2505,37.731,0.620753415
12-Aug-21,115,11-Aug-21,104,N2,MI_104_B,39.32,-3.2505,37.731,0.324460384
12-Aug-21,115,11-Aug-21,104,N2,MI_104_B,38.83,-3.2505,37.731,0.457734021
12-Aug-21,115,11-Aug-21,104,N2,CC_104_B,39.58,-3.2505,37.731,0.269793197
12-Aug-21,115,11-Aug-21,104,N2,CC_104_B,39.06,-3.2505,37.731,0.388933583
12-Aug-21,115,11-Aug-21,104,N2,CC_104_B,39.56,-3.2505,37.731,0.273526052
12-Aug-21,115,11-Aug-21,104,N2,NO_104_C,Undetermined,-3.2505,37.731,0.004
12-Aug-21,115,11-Aug-21,104,N2,NO_104_C,Undetermined,-3.2505,37.731,0.004
12-Aug-21,115,11-Aug-21,104,N2,NO_104_C,39.97,-3.2505,37.731,0.20432777
12-Aug-21,115,11-Aug-21,104,N2,MI_104_C,37.65,-3.2505,37.731,1.056304433
12-Aug-21,115,11-Aug-21,104,N2,MI_104_C,37.98,-3.2505,37.731,0.838297077
12-Aug-21,115,11-Aug-21,104,N2,MI_104_C,37.87,-3.2505,37.731,0.908888876
12-Aug-21,115,11-Aug-21,104,N2,CC_104_C,38.42,-3.2505,37.731,0.613352944
12-Aug-21,115,11-Aug-21,104,N2,CC_104_C,38.2,-3.2505,37.731,0.71649394
12-Aug-21,115,11-Aug-21,104,N2,CC_104_C,38.46,-3.2505,37.731,0.597284191
12-Aug-21,115,11-Aug-21,104,N2,NO_104_D,Undetermined,-3.2505,37.731,0.004
12-Aug-21,115,11-Aug-21,104,N2,NO_104_D,39.37,-3.2505,37.731,0.314023998
12-Aug-21,115,11-Aug-21,104,N2,NO_104_D,39.87,-3.2505,37.731,0.219108984
12-Aug-21,115,11-Aug-21,104,N2,MI_104_D,39.67,-3.2505,37.731,0.253732852
12-Aug-21,115,11-Aug-21,104,N2,MI_104_D,39.12,-3.2505,37.731,0.374079746
12-Aug-21,115,11-Aug-21,104,N2,MI_104_D,38.61,-3.2505,37.731,0.536701012
12-Aug-21,115,11-Aug-21,104,N2,CC_104_D,39.24,-3.2505,37.731,0.343567957
12-Aug-21,115,11-Aug-21,104,N2,CC_104_D,39.21,-3.2505,37.731,0.35175064
12-Aug-21,115,11-Aug-21,104,N2,CC_104_D,38.66,-3.2505,37.731,0.519284077
12-Aug-21,115,11-Aug-21,104,N2,NO_104_E,Undetermined,-3.2505,37.731,0.004
12-Aug-21,115,11-Aug-21,104,N2,NO_104_E,Undetermined,-3.2505,37.731,0.004
12-Aug-21,115,11-Aug-21,104,N2,NO_104_E,Undetermined,-3.2505,37.731,0.004
12-Aug-21,115,11-Aug-21,104,N2,MI_104_E,38.06,-3.2505,37.731,0.793450531
12-Aug-21,115,11-Aug-21,104,N2,MI_104_E,37.39,-3.2505,37.731,1.277407108
12-Aug-21,115,11-Aug-21,104,N2,MI_104_E,38.73,-3.2505,37.731,0.49387225
12-Aug-21,115,11-Aug-21,104,N2,CC_104_E,38.6,-3.2505,37.731,0.53900522
12-Aug-21,115,11-Aug-21,104,N2,CC_104_E,37.1,-3.2505,37.731,1.559122615
12-Aug-21,115,11-Aug-21,104,N2,CC_104_E,38.05,-3.2505,37.731,0.800418135
12-Aug-21,115,11-Aug-21,104,N2,NO_104_F,Undetermined,-3.2505,37.731,0.004
12-Aug-21,115,11-Aug-21,104,N2,NO_104_F,Undetermined,-3.2505,37.731,0.004
12-Aug-21,115,11-Aug-21,104,N2,NO_104_F,Undetermined,-3.2505,37.731,0.004
12-Aug-21,115,11-Aug-21,104,N2,MI_104_F,38.36,-3.2505,37.731,0.640022502
12-Aug-21,115,11-Aug-21,104,N2,MI_104_F,37.82,-3.2505,37.731,0.941689336
12-Aug-21,115,11-Aug-21,104,N2,MI_104_F,39.2,-3.2505,37.731,0.352977629
12-Aug-21,115,11-Aug-21,104,N2,CC_104_F,38.09,-3.2505,37.731,0.775615242
12-Aug-21,115,11-Aug-21,104,N2,CC_104_F,38.37,-3.2505,37.731,0.637380226
12-Aug-21,115,11-Aug-21,104,N2,CC_104_F,38.13,-3.2505,37.731,0.751533661
18-Aug-21,116,16-Aug-21,105,N2,MI_105_A,37.74170853,-3.2505,37.731,0.992443006
18-Aug-21,116,16-Aug-21,105,N2,MI_105_A,39.23968793,-3.2505,37.731,0.343447006
18-Aug-21,116,16-Aug-21,105,N2,MI_105_A,39.71539038,-3.2505,37.731,0.245195371
18-Aug-21,116,16-Aug-21,105,N2,CC_105_A,Undetermined,-3.2505,37.731,0.004
18-Aug-21,116,16-Aug-21,105,N2,CC_105_A,39.5069247,-3.2505,37.731,0.284214144
18-Aug-21,116,16-Aug-21,105,N2,CC_105_A,39.51104132,-3.2505,37.731,0.283386546
18-Aug-21,116,16-Aug-21,105,N2,MI_105_B,39.63071672,-3.2505,37.731,0.260352463
18-Aug-21,116,16-Aug-21,105,N2,MI_105_B,39.0698393,-3.2505,37.731,0.387358253
18-Aug-21,116,16-Aug-21,105,N2,MI_105_B,Undetermined,-3.2505,37.731,0.004
18-Aug-21,116,16-Aug-21,105,N2,CC_105_B,Undetermined,-3.2505,37.731,0.004
18-Aug-21,116,16-Aug-21,105,N2,CC_105_B,Undetermined,-3.2505,37.731,0.004
18-Aug-21,116,16-Aug-21,105,N2,CC_105_B,Undetermined,-3.2505,37.731,0.004
18-Aug-21,116,16-Aug-21,105,N2,NO_105_C,Undetermined,-3.2505,37.731,0.004
18-Aug-21,116,16-Aug-21,105,N2,NO_105_C,Undetermined,-3.2505,37.731,0.004
18-Aug-21,116,16-Aug-21,105,N2,NO_105_C,Undetermined,-3.2505,37.731,0.004
18-Aug-21,116,16-Aug-21,105,N2,MI_105_C,38.96021274,-3.2505,37.731,0.418638218
18-Aug-21,116,16-Aug-21,105,N2,MI_105_C,38.69274173,-3.2505,37.731,0.505970256
18-Aug-21,116,16-Aug-21,105,N2,MI_105_C,38.00256726,-3.2505,37.731,0.824999522
18-Aug-21,116,16-Aug-21,105,N2,CC_105_C,Undetermined,-3.2505,37.731,0.004
18-Aug-21,116,16-Aug-21,105,N2,CC_105_C,Undetermined,-3.2505,37.731,0.004
18-Aug-21,116,16-Aug-21,105,N2,CC_105_C,39.52256567,-3.2505,37.731,0.281082508
18-Aug-21,116,16-Aug-21,105,N2,NO_105_D,Undetermined,-3.2505,37.731,0.004
18-Aug-21,116,16-Aug-21,105,N2,NO_105_D,Undetermined,-3.2505,37.731,0.004
18-Aug-21,116,16-Aug-21,105,N2,NO_105_D,Undetermined,-3.2505,37.731,0.004
18-Aug-21,116,16-Aug-21,105,N2,MI_105_D,Undetermined,-3.2505,37.731,0.004
18-Aug-21,116,16-Aug-21,105,N2,MI_105_D,39.55008457,-3.2505,37.731,0.275656202
18-Aug-21,116,16-Aug-21,105,N2,MI_105_D,38.05909456,-3.2505,37.731,0.792616954
18-Aug-21,116,16-Aug-21,105,N2,CC_105_D,Undetermined,-3.2505,37.731,0.004
18-Aug-21,116,16-Aug-21,105,N2,CC_105_D,38.51448199,-3.2505,37.731,0.574071121
18-Aug-21,116,16-Aug-21,105,N2,CC_105_D,Undetermined,-3.2505,37.731,0.004
18-Aug-21,116,16-Aug-21,105,N2,NO_105_E,Undetermined,-3.2505,37.731,0.004
18-Aug-21,116,16-Aug-21,105,N2,NO_105_E,Undetermined,-3.2505,37.731,0.004
18-Aug-21,116,16-Aug-21,105,N2,NO_105_E,Undetermined,-3.2505,37.731,0.004
18-Aug-21,116,16-Aug-21,105,N2,MI_105_E,37.65034749,-3.2505,37.731,1.058796118
18-Aug-21,116,16-Aug-21,105,N2,MI_105_E,37.61149095,-3.2505,37.731,1.088344434
18-Aug-21,116,16-Aug-21,105,N2,MI_105_E,37.90031435,-3.2505,37.731,0.886974817
18-Aug-21,116,16-Aug-21,105,N2,CC_105_E,Undetermined,-3.2505,37.731,0.004
18-Aug-21,116,16-Aug-21,105,N2,CC_105_E,Undetermined,-3.2505,37.731,0.004
18-Aug-21,116,16-Aug-21,105,N2,CC_105_E,38.91869158,-3.2505,37.731,0.431134373
18-Aug-21,116,16-Aug-21,105,N2,NO_105_F,Undetermined,-3.2505,37.731,0.004
18-Aug-21,116,16-Aug-21,105,N2,NO_105_F,Undetermined,-3.2505,37.731,0.004
18-Aug-21,116,16-Aug-21,105,N2,NO_105_F,Undetermined,-3.2505,37.731,0.004
18-Aug-21,116,16-Aug-21,105,N2,MI_105_F,Undetermined,-3.2505,37.731,0.004
18-Aug-21,116,16-Aug-21,105,N2,MI_105_F,39.5370437,-3.2505,37.731,0.278214477
18-Aug-21,116,16-Aug-21,105,N2,MI_105_F,38.34680156,-3.2505,37.731,0.646475013
18-Aug-21,116,16-Aug-21,105,N2,CC_105_F,Undetermined,-3.2505,37.731,0.004
18-Aug-21,116,16-Aug-21,105,N2,CC_105_F,39.34533101,-3.2505,37.731,0.318683203
18-Aug-21,116,16-Aug-21,105,N2,CC_105_F,Undetermined,-3.2505,37.731,0.004
19-Aug-21,117,18-Aug-21,106,N2,NO_106_A,Undetermined,-3.2505,37.731,0.004
19-Aug-21,117,18-Aug-21,106,N2,NO_106_A,Undetermined,-3.2505,37.731,0.004
19-Aug-21,117,18-Aug-21,106,N2,NO_106_A,Undetermined,-3.2505,37.731,0.004
19-Aug-21,117,18-Aug-21,106,N2,MI_106_A,Undetermined,-3.2505,37.731,0.004
19-Aug-21,117,18-Aug-21,106,N2,MI_106_A,39.28,-3.2505,37.731,0.333439586
19-Aug-21,117,18-Aug-21,106,N2,MI_106_A,Undetermined,-3.2505,37.731,0.004
19-Aug-21,117,18-Aug-21,106,N2,CC_106_A,Undetermined,-3.2505,37.731,0.004
19-Aug-21,117,18-Aug-21,106,N2,CC_106_A,39.98,-3.2505,37.731,0.203288335
19-Aug-21,117,18-Aug-21,106,N2,CC_106_A,39.01,-3.2505,37.731,0.403940297
19-Aug-21,117,18-Aug-21,106,N2,NO_106_B,Undetermined,-3.2505,37.731,0.004
19-Aug-21,117,18-Aug-21,106,N2,NO_106_B,39.54,-3.2505,37.731,0.2777698
19-Aug-21,117,18-Aug-21,106,N2,NO_106_B,Undetermined,-3.2505,37.731,0.004
19-Aug-21,117,18-Aug-21,106,N2,MI_106_B,39.85,-3.2505,37.731,0.222665552
19-Aug-21,117,18-Aug-21,106,N2,MI_106_B,39.76,-3.2505,37.731,0.237806982
19-Aug-21,117,18-Aug-21,106,N2,MI_106_B,Undetermined,-3.2505,37.731,0.004
19-Aug-21,117,18-Aug-21,106,N2,CC_106_B,39.93,-3.2505,37.731,0.211268227
19-Aug-21,117,18-Aug-21,106,N2,CC_106_B,39.37,-3.2505,37.731,0.312886271
19-Aug-21,117,18-Aug-21,106,N2,CC_106_B,39.39,-3.2505,37.731,0.309200585
19-Aug-21,117,18-Aug-21,106,N2,NO_106_C,38.49,-3.2505,37.731,0.584326522
19-Aug-21,117,18-Aug-21,106,N2,NO_106_C,38.16,-3.2505,37.731,0.738847271
19-Aug-21,117,18-Aug-21,106,N2,NO_106_C,37.82,-3.2505,37.731,0.938322845
19-Aug-21,117,18-Aug-21,106,N2,MI_106_C,39.42,-3.2505,37.731,0.301426668
19-Aug-21,117,18-Aug-21,106,N2,MI_106_C,39.41,-3.2505,37.731,0.304222258
19-Aug-21,117,18-Aug-21,106,N2,MI_106_C,37.98,-3.2505,37.731,0.840172687
19-Aug-21,117,18-Aug-21,106,N2,CC_106_C,39.29,-3.2505,37.731,0.33244759
19-Aug-21,117,18-Aug-21,106,N2,CC_106_C,38.66,-3.2505,37.731,0.5171523
19-Aug-21,117,18-Aug-21,106,N2,CC_106_C,38.83,-3.2505,37.731,0.459418807
19-Aug-21,117,18-Aug-21,106,N2,NO_106_D,39.59,-3.2505,37.731,0.26744653
19-Aug-21,117,18-Aug-21,106,N2,NO_106_D,38.4,-3.2505,37.731,0.621184803
19-Aug-21,117,18-Aug-21,106,N2,NO_106_D,38.06,-3.2505,37.731,0.789488925
19-Aug-21,117,18-Aug-21,106,N2,MI_106_D,Undetermined,-3.2505,37.731,0.004
19-Aug-21,117,18-Aug-21,106,N2,MI_106_D,Undetermined,-3.2505,37.731,0.004
19-Aug-21,117,18-Aug-21,106,N2,MI_106_D,38.4,-3.2505,37.731,0.620972381
19-Aug-21,117,18-Aug-21,106,N2,CC_106_D,39.82,-3.2505,37.731,0.227924622
19-Aug-21,117,18-Aug-21,106,N2,CC_106_D,Undetermined,-3.2505,37.731,0.004
19-Aug-21,117,18-Aug-21,106,N2,CC_106_D,Undetermined,-3.2505,37.731,0.004
19-Aug-21,117,18-Aug-21,106,N2,NO_106_E,38.37,-3.2505,37.731,0.634624645
19-Aug-21,117,18-Aug-21,106,N2,NO_106_E,39.33,-3.2505,37.731,0.321214005
19-Aug-21,117,18-Aug-21,106,N2,NO_106_E,39.65,-3.2505,37.731,0.257010403
19-Aug-21,117,18-Aug-21,106,N2,MI_106_E,Undetermined,-3.2505,37.731,0.004
19-Aug-21,117,18-Aug-21,106,N2,MI_106_E,37.72,-3.2505,37.731,1.007857838
19-Aug-21,117,18-Aug-21,106,N2,MI_106_E,Undetermined,-3.2505,37.731,0.004
19-Aug-21,117,18-Aug-21,106,N2,CC_106_E,37.77,-3.2505,37.731,0.971126181
19-Aug-21,117,18-Aug-21,106,N2,CC_106_E,Undetermined,-3.2505,37.731,0.004
19-Aug-21,117,18-Aug-21,106,N2,CC_106_E,38.56,-3.2505,37.731,0.557378125
19-Aug-21,117,18-Aug-21,106,N2,NO_106_F,39.49,-3.2505,37.731,0.287587472
19-Aug-21,117,18-Aug-21,106,N2,NO_106_F,38.85,-3.2505,37.731,0.45419422
19-Aug-21,117,18-Aug-21,106,N2,NO_106_F,39.27,-3.2505,37.731,0.335882354
19-Aug-21,117,18-Aug-21,106,N2,MI_106_F,38.9,-3.2505,37.731,0.435565261
19-Aug-21,117,18-Aug-21,106,N2,MI_106_F,Undetermined,-3.2505,37.731,0.004
19-Aug-21,117,18-Aug-21,106,N2,MI_106_F,38.46,-3.2505,37.731,0.597845683
19-Aug-21,117,18-Aug-21,106,N2,CC_106_F,38.56,-3.2505,37.731,0.557526398
19-Aug-21,117,18-Aug-21,106,N2,CC_106_F,38.66,-3.2505,37.731,0.517619891
19-Aug-21,117,18-Aug-21,106,N2,CC_106_F,39.19,-3.2505,37.731,0.355223006
24-Aug-21,118,23-Aug-21,107,N2,MI_107_A,38.36,-3.2505,37.731,0.639884056
24-Aug-21,118,23-Aug-21,107,N2,MI_107_A,38.74,-3.2505,37.731,0.490890787
24-Aug-21,118,23-Aug-21,107,N2,MI_107_A,Undetermined,-3.2505,37.731,0.004
24-Aug-21,118,23-Aug-21,107,N2,MI_107_B,38.9,-3.2505,37.731,0.437454703
24-Aug-21,118,23-Aug-21,107,N2,MI_107_B,38.28,-3.2505,37.731,0.678869632
24-Aug-21,118,23-Aug-21,107,N2,MI_107_B,37.94,-3.2505,37.731,0.862499358
24-Aug-21,118,23-Aug-21,107,N2,MI_107_C,38.45,-3.2505,37.731,0.599617495
24-Aug-21,118,23-Aug-21,107,N2,MI_107_C,38.07,-3.2505,37.731,0.788744771
24-Aug-21,118,23-Aug-21,107,N2,MI_107_C,39.2,-3.2505,37.731,0.353227562
24-Aug-21,118,23-Aug-21,107,N2,CC_107_A,Undetermined,-3.2505,37.731,0.004
24-Aug-21,118,23-Aug-21,107,N2,CC_107_A,38.58,-3.2505,37.731,0.549690627
24-Aug-21,118,23-Aug-21,107,N2,CC_107_A,39.01,-3.2505,37.731,0.404456086
24-Aug-21,118,23-Aug-21,107,N2,CC_107_B,38.74,-3.2505,37.731,0.490597429
24-Aug-21,118,23-Aug-21,107,N2,CC_107_B,37.26,-3.2505,37.731,1.397608412
24-Aug-21,118,23-Aug-21,107,N2,CC_107_B,39.18,-3.2505,37.731,0.357344182
24-Aug-21,118,23-Aug-21,107,N2,CC_107_C,37.95,-3.2505,37.731,0.855353419
24-Aug-21,118,23-Aug-21,107,N2,CC_107_C,38.25,-3.2505,37.731,0.692272897
24-Aug-21,118,23-Aug-21,107,N2,CC_107_C,39.04,-3.2505,37.731,0.395776231
26-Aug-21,119,25-Aug-21,108,N2,NO_108_A,39.56,-3.2505,37.731,0.274449588
26-Aug-21,119,25-Aug-21,108,N2,NO_108_A,38.47,-3.2505,37.731,0.591030799
26-Aug-21,119,25-Aug-21,108,N2,NO_108_A,38.25,-3.2505,37.731,0.694252489
26-Aug-21,119,25-Aug-21,108,N2,NO_108_B,39.03,-3.2505,37.731,0.398755868
26-Aug-21,119,25-Aug-21,108,N2,NO_108_B,39.35,-3.2505,37.731,0.318554111
26-Aug-21,119,25-Aug-21,108,N2,NO_108_B,39.44,-3.2505,37.731,0.297245824
26-Aug-21,119,25-Aug-21,108,N2,NO_108_C,38.2,-3.2505,37.731,0.715644755
26-Aug-21,119,25-Aug-21,108,N2,NO_108_C,Undetermined,-3.2505,37.731,0.004
26-Aug-21,119,25-Aug-21,108,N2,NO_108_C,38.76,-3.2505,37.731,0.483333268
26-Aug-21,119,25-Aug-21,108,N2,CC_108_A,38.65,-3.2505,37.731,0.520557129
26-Aug-21,119,25-Aug-21,108,N2,CC_108_A,38.05,-3.2505,37.731,0.796955913
26-Aug-21,119,25-Aug-21,108,N2,CC_108_A,38.65,-3.2505,37.731,0.522015359
26-Aug-21,119,25-Aug-21,108,N2,MI_108_A,39.36,-3.2505,37.731,0.315546459
26-Aug-21,119,25-Aug-21,108,N2,MI_108_A,37.65,-3.2505,37.731,1.062126376
26-Aug-21,119,25-Aug-21,108,N2,MI_108_A,39.08,-3.2505,37.731,0.383616368
26-Aug-21,119,25-Aug-21,108,N2,CC_108_B,37.83,-3.2505,37.731,0.931251536
26-Aug-21,119,25-Aug-21,108,N2,CC_108_B,37.93,-3.2505,37.731,0.867556051
26-Aug-21,119,25-Aug-21,108,N2,CC_108_B,38.22,-3.2505,37.731,0.706091476
26-Aug-21,119,25-Aug-21,108,N2,MI_108_B,37.16,-3.2505,37.731,1.496421439
26-Aug-21,119,25-Aug-21,108,N2,MI_108_B,37.79,-3.2505,37.731,0.956231392
26-Aug-21,119,25-Aug-21,108,N2,MI_108_B,37.5,-3.2505,37.731,1.176174939
26-Aug-21,119,25-Aug-21,108,N2,CC_108_C,37.45,-3.2505,37.731,1.221510171
26-Aug-21,119,25-Aug-21,108,N2,CC_108_C,38.2,-3.2505,37.731,0.717539726
26-Aug-21,119,25-Aug-21,108,N2,CC_108_C,39.32,-3.2505,37.731,0.324645262
26-Aug-21,119,25-Aug-21,108,N2,MI_108_C,37.82,-3.2505,37.731,0.938139282
26-Aug-21,119,25-Aug-21,108,N2,MI_108_C,37.93,-3.2505,37.731,0.870547756
26-Aug-21,119,25-Aug-21,108,N2,MI_108_C,38.08,-3.2505,37.731,0.780712021
1-Sep-21,120,30-Sep-21,109,N2,NO_109_A,Undetermined,-3.2505,37.731,0.004
1-Sep-21,120,30-Sep-21,109,N2,NO_109_A,38.74,-3.2505,37.731,0.490249929
1-Sep-21,120,30-Sep-21,109,N2,NO_109_A,39.03,-3.2505,37.731,0.397092189
1-Sep-21,120,30-Sep-21,109,N2,MI_109_A,Undetermined,-3.2505,37.731,0.004
1-Sep-21,120,30-Sep-21,109,N2,MI_109_A,Undetermined,-3.2505,37.731,0.004
1-Sep-21,120,30-Sep-21,109,N2,MI_109_A,Undetermined,-3.2505,37.731,0.004
1-Sep-21,120,30-Sep-21,109,N2,CC_109_A,38.02,-3.2505,37.731,0.81290951
1-Sep-21,120,30-Sep-21,109,N2,CC_109_A,38.02,-3.2505,37.731,0.816358778
1-Sep-21,120,30-Sep-21,109,N2,CC_109_A,37.42,-3.2505,37.731,1.244872674
1-Sep-21,120,30-Sep-21,109,N2,NO_109_B,39.65,-3.2505,37.731,0.256784818
1-Sep-21,120,30-Sep-21,109,N2,NO_109_B,Undetermined,-3.2505,37.731,0.004
1-Sep-21,120,30-Sep-21,109,N2,NO_109_B,Undetermined,-3.2505,37.731,0.004
1-Sep-21,120,30-Sep-21,109,N2,MI_109_B,Undetermined,-3.2505,37.731,0.004
1-Sep-21,120,30-Sep-21,109,N2,MI_109_B,39.54,-3.2505,37.731,0.276915264
1-Sep-21,120,30-Sep-21,109,N2,MI_109_B,Undetermined,-3.2505,37.731,0.004
1-Sep-21,120,30-Sep-21,109,N2,CC_109_B,39.24,-3.2505,37.731,0.342810371
1-Sep-21,120,30-Sep-21,109,N2,CC_109_B,39.60,-3.2505,37.731,0.266757737
1-Sep-21,120,30-Sep-21,109,N2,CC_109_B,39.86,-3.2505,37.731,0.220568541
1-Sep-21,120,30-Sep-21,109,N2,NO_109_C,39.41,-3.2505,37.731,0.303374319
1-Sep-21,120,30-Sep-21,109,N2,NO_109_C,39.02,-3.2505,37.731,0.401702784
1-Sep-21,120,30-Sep-21,109,N2,NO_109_C,39.21,-3.2505,37.731,0.351561484
1-Sep-21,120,30-Sep-21,109,N2,MI_109_C,Undetermined,-3.2505,37.731,0.004
1-Sep-21,120,30-Sep-21,109,N2,MI_109_C,39.92,-3.2505,37.731,0.212132475
1-Sep-21,120,30-Sep-21,109,N2,MI_109_C,Undetermined,-3.2505,37.731,0.004
1-Sep-21,120,30-Sep-21,109,N2,CC_109_C,37.10,-3.2505,37.731,1.560731698
1-Sep-21,120,30-Sep-21,109,N2,CC_109_C,36.71,-3.2505,37.731,2.057657393
1-Sep-21,120,30-Sep-21,109,N2,CC_109_C,37.47,-3.2505,37.731,1.201968211
1-Sep-21,120,30-Sep-21,109,N2,NO_109_D,38.15,-3.2505,37.731,0.744615816
1-Sep-21,120,30-Sep-21,109,N2,NO_109_D,37.17,-3.2505,37.731,1.492284839
1-Sep-21,120,30-Sep-21,109,N2,NO_109_D,38.35,-3.2505,37.731,0.64321219
1-Sep-21,120,30-Sep-21,109,N2,MI_109_D,38.14,-3.2505,37.731,0.750787305
1-Sep-21,120,30-Sep-21,109,N2,MI_109_D,38.23,-3.2505,37.731,0.704021692
1-Sep-21,120,30-Sep-21,109,N2,MI_109_D,39.55,-3.2505,37.731,0.275375353
1-Sep-21,120,30-Sep-21,109,N2,CC_109_D,38.29,-3.2505,37.731,0.673813252
1-Sep-21,120,30-Sep-21,109,N2,CC_109_D,38.27,-3.2505,37.731,0.684043664
1-Sep-21,120,30-Sep-21,109,N2,CC_109_D,38.39,-3.2505,37.731,0.626571563
1-Sep-21,120,30-Sep-21,109,N2,NO_109_E,39.56,-3.2505,37.731,0.273505959
1-Sep-21,120,30-Sep-21,109,N2,NO_109_E,38.79,-3.2505,37.731,0.473461824
1-Sep-21,120,30-Sep-21,109,N2,NO_109_E,39.75,-3.2505,37.731,0.23867228
1-Sep-21,120,30-Sep-21,109,N2,MI_109_E,38.64,-3.2505,37.731,0.526950925
1-Sep-21,120,30-Sep-21,109,N2,MI_109_E,38.70,-3.2505,37.731,0.502933278
1-Sep-21,120,30-Sep-21,109,N2,MI_109_E,38.31,-3.2505,37.731,0.661759198
1-Sep-21,120,30-Sep-21,109,N2,CC_109_E,37.80,-3.2505,37.731,0.954511967
1-Sep-21,120,30-Sep-21,109,N2,CC_109_E,38.09,-3.2505,37.731,0.773117999
1-Sep-21,120,30-Sep-21,109,N2,CC_109_E,37.84,-3.2505,37.731,0.923141506
1-Sep-21,120,30-Sep-21,109,N2,NO_109_F,39.11,-3.2505,37.731,0.376645927
1-Sep-21,120,30-Sep-21,109,N2,NO_109_F,Undetermined,-3.2505,37.731,0.004
1-Sep-21,120,30-Sep-21,109,N2,NO_109_F,39.96,-3.2505,37.731,0.206653342
1-Sep-21,120,30-Sep-21,109,N2,MI_109_F,38.30,-3.2505,37.731,0.670118945
1-Sep-21,120,30-Sep-21,109,N2,MI_109_F,38.00,-3.2505,37.731,0.825555029
1-Sep-21,120,30-Sep-21,109,N2,MI_109_F,39.09,-3.2505,37.731,0.382758287
1-Sep-21,120,30-Sep-21,109,N2,CC_109_F,37.90,-3.2505,37.731,0.885029168
1-Sep-21,120,30-Sep-21,109,N2,CC_109_F,38.31,-3.2505,37.731,0.663573802
1-Sep-21,120,30-Sep-21,109,N2,CC_109_F,38.05,-3.2505,37.731,0.800173209
3-Sep-21,121,1-Sep-21,110,N2,NO_110_A,Undetermined,-3.2505,37.731,0.004
3-Sep-21,121,1-Sep-21,110,N2,NO_110_A,39.76,-3.2505,37.731,0.238298384
3-Sep-21,121,1-Sep-21,110,N2,NO_110_A,Undetermined,-3.2505,37.731,0.004
3-Sep-21,121,1-Sep-21,110,N2,MI_110_A,38.12,-3.2505,37.731,0.758413122
3-Sep-21,121,1-Sep-21,110,N2,MI_110_A,38.02,-3.2505,37.731,0.815683438
3-Sep-21,121,1-Sep-21,110,N2,MI_110_A,38.27,-3.2505,37.731,0.682832905
3-Sep-21,121,1-Sep-21,110,N2,CC_110_A,38.07,-3.2505,37.731,0.789158973
3-Sep-21,121,1-Sep-21,110,N2,CC_110_A,39.47,-3.2505,37.731,0.29080855
3-Sep-21,121,1-Sep-21,110,N2,CC_110_A,38.15,-3.2505,37.731,0.745024613
3-Sep-21,121,1-Sep-21,110,N2,NO_110_B,39.21,-3.2505,37.731,0.350181619
3-Sep-21,121,1-Sep-21,110,N2,NO_110_B,Undetermined,-3.2505,37.731,0.004
3-Sep-21,121,1-Sep-21,110,N2,NO_110_B,38.98,-3.2505,37.731,0.41415827
3-Sep-21,121,1-Sep-21,110,N2,MI_110_B,38.33,-3.2505,37.731,0.654874062
3-Sep-21,121,1-Sep-21,110,N2,MI_110_B,39.07,-3.2505,37.731,0.388310974
3-Sep-21,121,1-Sep-21,110,N2,MI_110_B,39.01,-3.2505,37.731,0.403081256
3-Sep-21,121,1-Sep-21,110,N2,CC_110_B,39.02,-3.2505,37.731,0.40070591
3-Sep-21,121,1-Sep-21,110,N2,CC_110_B,39.57,-3.2505,37.731,0.272470502
3-Sep-21,121,1-Sep-21,110,N2,CC_110_B,Undetermined,-3.2505,37.731,0.004
3-Sep-21,121,1-Sep-21,110,N2,NO_110_C,38.3,-3.2505,37.731,0.66845099
3-Sep-21,121,1-Sep-21,110,N2,NO_110_C,38.69,-3.2505,37.731,0.505511811
3-Sep-21,121,1-Sep-21,110,N2,NO_110_C,39.17,-3.2505,37.731,0.360020281
3-Sep-21,121,1-Sep-21,110,N2,MI_110_C,38.43,-3.2505,37.731,0.608652668
3-Sep-21,121,1-Sep-21,110,N2,MI_110_C,38.77,-3.2505,37.731,0.479880178
3-Sep-21,121,1-Sep-21,110,N2,MI_110_C,38.09,-3.2505,37.731,0.77543946
3-Sep-21,121,1-Sep-21,110,N2,CC_110_C,39.05,-3.2505,37.731,0.394120594
3-Sep-21,121,1-Sep-21,110,N2,CC_110_C,38.64,-3.2505,37.731,0.525064584
3-Sep-21,121,1-Sep-21,110,N2,CC_110_C,38.86,-3.2505,37.731,0.448268616
3-Sep-21,121,1-Sep-21,110,N2,NO_110_D,37.95,-3.2505,37.731,0.856513528
3-Sep-21,121,1-Sep-21,110,N2,NO_110_D,37.77,-3.2505,37.731,0.971685109
3-Sep-21,121,1-Sep-21,110,N2,NO_110_D,37.67,-3.2505,37.731,1.04322341
3-Sep-21,121,1-Sep-21,110,N2,MI_110_D,39.48,-3.2505,37.731,0.290366344
3-Sep-21,121,1-Sep-21,110,N2,MI_110_D,38.22,-3.2505,37.731,0.708530459
3-Sep-21,121,1-Sep-21,110,N2,MI_110_D,38.21,-3.2505,37.731,0.710992642
3-Sep-21,121,1-Sep-21,110,N2,CC_110_D,38.19,-3.2505,37.731,0.723036897
3-Sep-21,121,1-Sep-21,110,N2,CC_110_D,39.39,-3.2505,37.731,0.309550745
3-Sep-21,121,1-Sep-21,110,N2,CC_110_D,38.17,-3.2505,37.731,0.730426467
3-Sep-21,121,1-Sep-21,110,N2,NO_110_E,38.35,-3.2505,37.731,0.644561234
3-Sep-21,121,1-Sep-21,110,N2,NO_110_E,37.74,-3.2505,37.731,0.995701455
3-Sep-21,121,1-Sep-21,110,N2,NO_110_E,38.01,-3.2505,37.731,0.818326646
3-Sep-21,121,1-Sep-21,110,N2,MI_110_E,38.25,-3.2505,37.731,0.691022297
3-Sep-21,121,1-Sep-21,110,N2,MI_110_E,36.89,-3.2505,37.731,1.814155162
3-Sep-21,121,1-Sep-21,110,N2,MI_110_E,38.47,-3.2505,37.731,0.593163966
3-Sep-21,121,1-Sep-21,110,N2,CC_110_E,38.21,-3.2505,37.731,0.71246407
3-Sep-21,121,1-Sep-21,110,N2,CC_110_E,39.21,-3.2505,37.731,0.350242152
3-Sep-21,121,1-Sep-21,110,N2,CC_110_E,38.32,-3.2505,37.731,0.658391795
3-Sep-21,121,1-Sep-21,110,N2,NO_110_F,38.52,-3.2505,37.731,0.57302462
3-Sep-21,121,1-Sep-21,110,N2,NO_110_F,38.73,-3.2505,37.731,0.494230448
3-Sep-21,121,1-Sep-21,110,N2,NO_110_F,38.58,-3.2505,37.731,0.549321782
3-Sep-21,121,1-Sep-21,110,N2,MI_110_F,39.12,-3.2505,37.731,0.373270377
3-Sep-21,121,1-Sep-21,110,N2,MI_110_F,39.19,-3.2505,37.731,0.355407619
3-Sep-21,121,1-Sep-21,110,N2,MI_110_F,39.24,-3.2505,37.731,0.344311914
3-Sep-21,121,1-Sep-21,110,N2,CC_110_F,38.05,-3.2505,37.731,0.795205795
3-Sep-21,121,1-Sep-21,110,N2,CC_110_F,38.27,-3.2505,37.731,0.683072767
3-Sep-21,121,1-Sep-21,110,N2,CC_110_F,37.39,-3.2505,37.731,1.270505419
